"HESCategory","OPCSCode","CodeNoDot","CodeDesc"
14,"W19.6","W196","Primary open reduction of fragment of bone and fixation using wire system"
14,"W19.8","W198","Other specified"
14,"W19.9","W199","Unspecified"
14,"W20.1","W201","Primary open reduction of fracture of long bone and extramedullary fixation using plate not elsewhere classified"
14,"W20.2","W202","Primary open reduction of fracture of long bone and extramedullary fixation using circlage"
14,"W20.3","W203","Primary open reduction of fracture of long bone and extramedullary fixation using suture"
14,"W20.4","W204","Primary open reduction of fracture of long bone and extramedullary fixation not elsewhere classified"
14,"W20.5","W205","Primary open reduction of fracture of ankle and extramedular fixation not elsewhere classified"
14,"W20.8","W208","Other specified"
14,"W20.9","W209","Unspecified primary open reduction of fracture of bone and extramedullary fixation"
14,"W22.1","W221","Primary open reduction of fracture of bone and skeletal traction HFQ"
14,"W22.2","W222","Primary open reduction of fracture of bone and external fixation HFQ"
14,"W22.8","W228","Other specified"
14,"W22.9","W229","Unspecified"
14,"W23.1","W231","Secondary open reduction of fracture of bone and intramedullary fixation HFQ"
14,"W23.2","W232","Secondary open reduction of fracture of bone and extramedullary fixation HFQ"
14,"W23.4","W234","Secondary open reduction of fracture of bone and skeletal traction HFQ"
14,"W23.5","W235","Secondary open reduction of fracture of bone and external fixation HFQ"
14,"W23.6","W236","Secondary open reduction of fracture of bone and internal fixation HFQ"
14,"W23.8","W238","Other specified"
14,"W23.9","W239","Unspecified"
14,"W24.2","W242","Closed reduction of fracture of long bone and rigid internal fixation NEC"
14,"W24.3","W243","Closed reduction of fracture of long bone and flexible internal fixation HFQ"
14,"W24.5","W245","Closed reduction of fragment of bone and fixation using screw"
15,"W46.1","W461","Primary prosthetic replacement of head of femur using cement"
15,"W46.2","W462","Conversion to prosthetic replacement of head of femur using cement"
15,"W46.3","W463","Revision of prosthetic replacement of head of femur using cement"
15,"W46.8","W468","Other specified"
15,"W46.9","W469","Unspecified"
15,"W46.0","W460","Conversion from previous cemented prosthetic replacement of head of femur"
15,"W47.1","W471","Primary prosthetic replacement of head of femur not using cement"
15,"W47.2","W472","Conversion to prosthetic replacement of head of femur not using cement"
15,"W47.3","W473","Revision of prosthetic replacement of head of femur not using cement"
15,"W47.8","W478","Other specified"
15,"W47.9","W479","Unspecified"
15,"W47.0","W470","Conversion from previous uncemented prosthetic replacement of head of femur"
15,"W48.1","W481","Primary prosthetic replacement of head of femur not elsewhere classified"
15,"W48.2","W482","Conversion to prosthetic replacement of head of femur not elsewhere classified"
5,"G40.2","G402","Repair of congenital atresia of pylorus"
5,"G40.3","G403","Pyloroplasty not elsewhere classified"
5,"G40.4","G404","Revision of pylorplasty"
5,"G40.5","G405","Closure of pylorplasty"
5,"G40.6","G406","Open dilation of pylorus"
5,"G40.8","G408","Other specified incision of pylorus"
8,"H14.9","H149","Unspecified"
8,"H15.1","H151","Loop colostomy (Clean-Contaminated)"
8,"H15.2","H152","End colostomy (Clean-Contaminated)"
8,"H15.3","H153","Refashioning of colostomy (Contaminated)"
8,"H15.4","H154","Closure of colostomy (Contaminated)"
8,"H15.6","H156","Reduction of prolapse of colostomy (Clean-Contaminated)"
8,"H15.8","H158","Other specified"
8,"H15.9","H159","Unspecified"
8,"H16.1","H161","Drainage of colon"
8,"H16.2","H162","Caecotomy"
8,"H16.3","H163","Colotomy"
8,"H16.8","H168","Other specified"
8,"H16.9","H169","Unspecified"
8,"H29.1","H291","Subtotal excision of colon and rectum and creation of colonic pouch and anastomosis of colon to anus"
8,"H29.2","H292","Subtotal excision of colon and rectum and creation of colonic pouch NEC"
8,"H29.3","H293","Subtotal excision of colon and creation of colonic pouch and anastomosis of colon to rectum."
8,"H29.4","H294","Subtotal excision of colon and creation of colonic pouch NEC"
8,"H29.8","H298","Other specified subtotal excision of colon"
8,"H29.9","H299","Unspecified subtotal excision of colon"
8,"H33.1","H331","Abdominoperineal excision of rectum and end colostomy"
8,"H33.2","H332","Proctectomy and anastomosis of colon to anus"
8,"H33.3","H333","Anterior resection of rectum and anastomosis of colon to rectum using staples"
8,"H33.4","H334","Anterior resection of rectum and anastomosis not elsewhere classified"
8,"H33.5","H335","Rectosigmoidectomy and closure of rectal stump and exteriorisation of bowel*"
8,"H33.6","H336","Anterior resection of rectum and exteriorisation of bowel*"
8,"H33.7","H337","Perineal resection of rectum HFQ"
8,"H33.8","H338","Other specified"
8,"H33.9","H339","Unspecified"
9,"X07.1","X071","Forequarter amputation"
9,"X07.2","X072","Disarticulation of shoulder"
9,"X07.3","X073","Amputation of arm above elbow"
9,"X07.4","X074","Amputation of arm through elbow"
9,"X07.5","X075","Amputation of arm through forearm"
9,"X07.8","X078","Other specified"
9,"X07.9","X079","Unspecified"
9,"X08.1","X081","Amputation of hand at wrist"
9,"X08.2","X082","Amputation of thumb"
9,"X08.3","X083","Amputation of phalanx of finger"
9,"X08.4","X084","Amputation of finger not elsewhere classified"
9,"X08.8","X088","Other specified"
9,"X08.9","X089","Unspecified"
9,"X09.1","X091","Hindquarter amputation"
9,"X09.2","X092","Disarticulation of hip"
9,"X09.3","X093","Amputation of leg above knee"
9,"X09.4","X094","Amputation of leg through knee"
9,"X09.5","X095","Amputation of leg below knee"
9,"X09.8","X098","Other specified"
9,"X09.9","X099","Unspecified"
9,"X10.1","X101","Amputation of foot through ankle"
9,"X10.2","X102","Disarticulation of tarsal bones"
9,"X10.3","X103","Disarticulation of metatarsal bones"
9,"X10.4","X104","Amputation through metatarsal bones"
9,"X10.8","X108","Other specified"
9,"X10.9","X109","Unspecified"
11,"G75.8","G758","Other specified (Clean-Contaminated)"
11,"G75.9","G759","Unspecified (Clean-Contaminated)"
11,"G78.2","G782","Strictureplasty of ileum (Clean-Contaminated)"
11,"G78.3","G783","Removal of foreign body from ileum (Clean-Contaminated)"
11,"G78.4","G784","Closure of perforation of ileum (Contaminated)"
11,"G78.5","G785","Exclusion of segment of ileum (Clean-Contaminated)"
11,"G78.8","G788","Other specified (Clean-Contaminated)"
11,"G78.9","G789","Unspecified (Clean-Contaminated)"
16,"V22.1","V221","Primary anterior decompression of cervical spinal cord and fusion of cervical spine"
16,"V22.2","V222","Primary anterior decompression of cervical spinal cord NEC"
16,"V22.3","V223","Primary foraminotomy of cervical spine"
16,"V22.4","V224","Primary anterior corpectomy of cervical spine with reconstruction HFQ"
16,"V22.5","V225","Primary decompression of posterior fossa and upper cervical spinal cord and instrumentation"
16,"V22.6","V226","Primary decompression of posterior fossa and upper cervical spinal cord NEC"
16,"V22.7","V227","Primary laminoplasty of cervical spine"
16,"V22.8","V228","Other specified"
16,"V22.9","V229","Unspecified"
16,"V23.1","V231","Revisional anterior decompression of cervical spinal cord and fusion of cervical spine"
16,"V23.2","V232","Revisional anterior decompression of cervical spinal cord NEC"
16,"V23.3","V233","Revisional foraminotomy of cervical spine."
16,"V23.4","V234","Revisional anterior corpectomy of cervical spine with reconstruction HFQ"
16,"V23.5","V235","Revisional decompression of posterior fossa and upper cervical spinal cord and instrumentation"
16,"V23.6","V236","Revisional decompression of posterior fossa and upper cervical spinal cord NEC"
16,"V23.7 ","V237 ","Revisional laminoplasty of cervical spine"
16,"V23.8","V238","Other specified"
16,"V23.9","V239","Unspecified"
16,"V24.1","V241","Primary decompression of thoracic spinal cord and fusion of thoracic spine"
16,"V24.2","V242","Primary decompression of thoracic spinal cord NEC"
16,"V24.3","V243","Revisional decompression of thoracic spinal cord NEC"
16,"V24.4","V244","Primary anterior corpectomy of thoracic spine with reconstruction HFQ"
16,"V24.5","V245","Revisional anterior corpectomy of thoracic spine and reconstruction HFQ"
16,"V24.8","V248","Other specified"
16,"V24.9","V249","Unspecified"
16,"V25.1 ","V251 ","Primary extended decompression of lumbar spinal cord and intertransverse fusion of joint of lumbar spine"
16,"V25.2","V252","Primary extended decompression of lumbar spinal cord NEC"
7,"W42.2","W422","Conversion to total prosthetic replacement of knee joint not elsewhere classified"
7,"W42.3","W423","Revision of total prosthetic replacement of knee joint not elsewhere classified"
7,"W42.8","W428","Other specified"
7,"W42.9","W429","Unspecified"
7,"W42.0","W420","Conversion from previous total prosthetic replacement of knee joint not elsewhere classified"
7,"W42.5","W425","Revision of one component of total prosthetic replacement of knee joint NEC"
7,"W52.1","W521","Primary prosthetic replacement of articulation of bone using cement not elsewhere classified"
7,"W52.2","W522","Conversions to prosthetic replacement of articulation of bone using cement not elsewhere classified"
7,"W52.3","W523","Revision of prosthetic replacement of articulation of bone using cement not elsewhere classified"
7,"W52.8","W528","Other specified"
7,"W52.9","W529","Unspecified"
12,"L20.2","L202","Emergency bypass of segment of thoracic aorta by anastomosis of aorta to aorta not elsewhere classified"
12,"L20.3","L203","Emergency bypass of segment of suprarenal abdominal aorta by anastomosis of aorta to aorta not elsewhere classified"
12,"L20.4","L204","Emergency bypass of segment of infrarenal abdominal aorta by anastomosis of aorta to aorta not elsewhere classified"
12,"L20.5","L205","Emergency bypass of segment of abdominal aorta by anastomosis of aorta to aorta not elsewhere classified"
12,"L20.6","L206","Emergency bypass of bifurcation of aorta by anastomosis of aorta to iliac artery not elsewhere classified"
12,"L20.8","L208","Other specified"
12,"L20.9","L209","Unspecified"
12,"L21.1","L211","Bypass of segment of ascending aorta by anastomosis of aorta to aorta not elsewhere classified"
12,"L21.2","L212","Bypass of segment of thoracic aorta by anastomosis of aorta to aorta not elsewhere classified"
15,"W48.3","W483","Revision of prosthetic replacement of head of femur not elsewhere classified"
15,"W48.8","W488","Other specified"
15,"W48.9","W489","Unspecified"
15,"W48.0","W480","Conversion from previous prosthetic replacement of head of femur not elsewhere classified"
15,"W19.1","W191","Primary open reduction of fracture of neck of femur and open fixation using pin and plate"
15,"W24.1","W241","Closed reduction of intracapsular fracture of the neck of femur and fixation using nail or screw"
11,"G49.1","G491","Gastroduodenectomy"
11,"G49.2","G492","Total excision of duodenum"
11,"G49.3","G493","Partial excision of duodenum"
11,"G49.8","G498","Other specified"
11,"G49.9","G499","Unspecified"
11,"G50.1","G501","Excision of lesion of duodenum"
11,"G50.2","G502","Open destruction of lesion of duodenum"
11,"G50.8","G508","Other specified"
11,"G50.9","G509","Unspecified"
11,"G51.1","G511","Bypass of duodenum by anastomosis of stomach to jejunum"
11,"G51.2","G512","Bypass of duodenum by anastomosis of duodenum to duodenum"
11,"G51.3","G513","Bypass of duodenum by anastomosis of duodenum to jejunum"
11,"G51.8","G518","Other specified"
11,"G51.9","G519","Unspecified"
11,"G52.1","G521","Closure of perforated ulcer of duodenum (Contaminated)"
11,"G52.2","G522","Suture of ulcer of duodenum not elsewhere classified (Clean-Contaminated)"
11,"G52.3","G523","Oversew of blood vessel of duodenal ulcer"
11,"G52.8","G528","Other specified"
11,"G52.9","G529","Unspecified"
11,"G53.2","G532","Closure of perforation of duodenum not elsewhere classified (Contaminated)"
11,"G53.3","G533","Open removal of foreign body, from duodenum (Clean-Contaminated)"
11,"G53.5","G535","Incision of duodenum not elsewhere classified"
11,"G58.1","G581","Total jejunectomy and anastomosis of stomach to ileum"
11,"G58.2","G582","Total jejunectomy and anastomosis of duodenum to ileum"
11,"G58.4","G584","Partial jejunectomy and anastomosis of jejunum to ileum"
11,"G58.8","G588","Other specified"
11,"G58.9","G589","Unspecified"
11,"G59.1","G591","Excision of lesion of jejunum"
11,"G59.2","G592","Open destruction of lesion of jejunum"
11,"G59.8","G598","Other specified"
11,"G59.9","G599","Unspecified"
11,"G60.1","G601","Creation of jejunostomy (Clean-Contaminated)"
11,"G60.2","G602","Refashioning of jejunostomy (Contaminated)"
11,"G60.3","G603","Closure of jejunostomy (Contaminated)"
11,"G60.8","G608","Other specified"
11,"G60.9","G609","Unspecified"
11,"G61.1","G611","Bypass of jejunum by anastomosis of jejunum to jejunum"
11,"G61.2","G612","Bypass of jejunum by anastomosis of jejunum to ileum"
11,"G61.8","G618","Other specified"
11,"G61.9","G619","Other unspecified"
11,"G63.2","G632","Incision of jejunum (Clean-Contaminated)"
11,"G63.3","G633","Closure of perforation of jejunum (Contaminated)"
11,"G68.1","G681","Allotransplantation of ileum (Clean-Contaminated)"
11,"G68.8","G688","Other specified transplantation of ileum"
11,"G68.9","G689","Unspecified transplantation of ileum"
11,"G69.1","G691","Ileectomy and anastomosis of stomach to ileum"
11,"G69.2","G692","Ileectomy and anastomosis of duodenum to ileum"
11,"G69.3","G693","Ileectomy and anastomosis of ileum to ileum"
11,"G69.8","G698","Other specified"
11,"G69.9","G699","Unspecified"
11,"G70.1","G701","Excision of meckel diverticulum"
11,"G70.2","G702","Excision of lesion of ileum not elsewhere classified "
11,"G70.3","G703","Open destruction of lesion of ileum"
11,"G70.8","G708","Other specified"
11,"G70.9","G709","Unspecified"
11,"G71.1","G711","Bypass of ileum by anastomosis of jejunum to ileum"
12,"L41.5","L415","Translocation of branch of renal artery"
12,"L48.4","L484","Emergency replacement of aneurysmal artery of leg by anastomosis of aorta to superficial femoral artery"
12,"L48.5","L485","Emergency replacement of aneurysmal iliac artery by anastomosis of iliac artery to iliac artery"
12,"L48.6","L486","Emergency replacement of aneurysmal artery of leg by anastomosis of iliac artery to femoral artery"
12,"L48.8","L488","Other specified"
12,"L48.9","L489","Unspecified"
12,"L49.1","L491","Replacement of aneurysmal common iliac artery by anastomosis of aorta to common iliac artery not elsewhere classified"
12,"L49.2","L492","Replacement of aneurysmal iliac artery by anastomosis of aorta to external iliac artery not elsewhere classified"
12,"L49.6","L496","Replacement of aneurysmal artery of leg by anastomosis of iliac artery to femoral artery not elsewhere classified"
12,"L49.8","L498","Other specified"
12,"L49.9","L499","Unspecified"
12,"L50.1","L501","Emergency bypass of common iliac artery by anastomosis of aorta to common iliac artery not elsewhere classified"
12,"L50.2","L502","Emergency bypass of iliac artery by anastomosis of aorta to external iliac artery not elsewhere classified"
12,"L50.3","L503","Emergency bypass of artery of leg by anastomosis of aorta to common femoral artery not elsewhere classified"
12,"L50.4","L504","Emergency bypass of artery of leg by anastomosis of aorta to deep femoral artery not elsewhere classified"
12,"L50.5","L505","Emergency bypass of iliac artery by anastomosis of iliac artery to iliac artery not elsewhere classified"
12,"L50.6","L506","Emergency bypass of artery of leg by anastomosis of iliac artery to femoral artery not elsewhere classified"
12,"L50.8","L508","Other specified"
12,"L50.9","L509","Unspecified"
12,"L51.1","L511","Bypass of common iliac artery by anastomosis of aorta to common iliac artery not elsewhere classified"
12,"L51.2","L512","Bypass of iliac artery by anastomosis of aorta to external iliac artery not elsewhere classified"
12,"L51.3","L513","Bypass of artery of leg by anastomosis of aorta to common femoral artery not elsewhere classified"
12,"L51.4","L514","Bypass of artery of leg by anastomosis of aorta to deep femoral artery not elsewhere classified"
12,"L51.5","L515","Bypass of iliac artery by anastomosis of iliac artery to iliac artery not elsewhere classified"
12,"L51.6","L516","Bypass of artery of leg by anastomosis of iliac artery to femoral artery not elsewhere classified"
12,"L51.8","L518","Other specified"
12,"L51.9","L519","Unspecified"
12,"L52.1","L521","Endarterectomy of iliac artery and patch repair of iliac artery"
12,"L52.2","L522","Endarterectomy of iliac artery not elsewhere classified"
12,"L52.8","L528","Other specified"
12,"L52.9","L529","Unspecified"
12,"L53.1","L531","Repair of iliac artery not elsewhere classified"
12,"L53.2","L532","Open embolectomy of iliac artery"
12,"L53.3","L533","Operations on aneurysm of iliac artery not elsewhere classified"
12,"L53.8","L538","Other specified"
12,"L53.9","L539","Unspecified"
12,"L56.1","L561","Emergency replacement of aneurysmal femoral artery by anastomosis of femoral artery to femoral artery"
12,"L56.2","L562","Emergency replacement of aneurysmal femoral artery by anastomosis of femoral artery to popliteal artery using prosthesis"
12,"L56.3","L563","Emergency replacement of aneurysmal femoral artery by anastomosis of femoral artery to popliteal artery using vein graft"
12,"L56.4","L564","Emergency replacement of aneurysmal femoral artery by anastomosis of femoral artery to tibial artery using prosthesis"
12,"L56.5","L565","Emergency replacement of aneurysmal femoral artery by anastomosis of femoral artery to tibial artery using vein graft"
12,"L56.6","L566","Emergency replacement of aneurysmal femoral artery by anastomosis of femoral artery to peroneal artery using prosthesis"
12,"L56.7","L567","Emergency replacement of aneurysmal femoral artery by anastomosis of femoral artery to peroneal artery using vein graft"
12,"L56.8","L568","Other specified"
12,"L56.9","L569","Unspecified"
12,"L57.1","L571","Replacement of aneurysmal femoral artery by anastomosis of femoral artery to femoral artery not elsewhere classified"
12,"L57.2","L572","Replacement of aneurysmal femoral artery by anastomosis of femoral artery to popliteal artery using prosthesis not elsewhere classified"
12,"L57.3","L573","Replacement of aneurysmal femoral artery by anastomosis of femoral artery to popliteal artery using vein graft not elsewhere classified"
12,"L57.4","L574","Replacement of aneurysmal femoral artery by anastomosis of femoral artery to tibial artery using prosthesis not elsewhere classified"
12,"L57.5","L575","Replacement of aneurysmal femoral artery by anastomosis of femoral artery to tibial artery using vein graft not elsewhere classified"
12,"L57.6","L576","Replacement of aneurysmal femoral artery by anastomosis of femoral artery to peroneal artery using prosthesis not elsewhere classified"
12,"L57.7","L577","Replacement of aneurysmal femoral artery by anastomosis of femoral artery to peroneal artery using vein graft not elsewhere classified"
12,"L57.8","L578","Other specified"
12,"L57.9","L579","Unspecified"
12,"L58.1","L581","Emergency bypass of femoral artery by anastomosis of femoral artery to femoral artery not elsewhere classified"
12,"L58.2","L582","Emergency bypass of femoral artery by anastomosis of femoral artery to popliteal artery using prosthesis not elsewhere classified"
12,"L58.3","L583","Emergency bypass of femoral artery by anastomosis of femoral artery to popliteal artery using vein graft not elsewhere classified"
12,"L58.4","L584","Emergency bypass of femoral artery by anastomosis of femoral artery to tibial artery using prosthesis not elsewhere classified"
12,"L58.5","L585","Emergency bypass of femoral artery by anastomosis of femoral artery to tibial artery using vein graft not elsewhere classified"
12,"L58.6","L586","Emergency bypass of femoral artery by anastomosis of femoral artery to peroneal artery using prosthesis not elsewhere classified"
12,"L58.7","L587","Emergency bypass of femoral artery by anastomosis of femoral artery to peroneal artery using vein graft not elsewhere classified"
12,"L58.8","L588","Other specified"
12,"L58.9","L589","Unspecified"
12,"L59.1","L591","Bypass of femoral artery by anastomosis of femoral artery to femoral artery not elsewhere classified"
12,"L59.2","L592","Bypass of femoral artery by anastomosis of femoral artery to popliteal artery using prosthesis not elsewhere classified"
12,"L59.3","L593","Bypass of femoral artery by anastomosis of femoral artery to popliteal artery using vein graft not elsewhere classified"
12,"L59.4","L594","Bypass of femoral artery by anastomosis of femoral artery to tibial artery using prosthesis not elsewhere classified"
12,"L59.5","L595","Bypass of femoral artery by anastomosis of femoral artery to tibial artery using vein graft not elsewhere classified"
12,"L59.6","L596","Bypass of femoral artery by anastomosis of femoral artery to peroneal artery using prosthesis not elsewhere classified"
12,"L59.7","L597","Bypass of femoral artery by anastomosis of femoral artery to peroneal artery using vein graft not elsewhere classified"
12,"L65.2","L652","Revision of reconstruction involving iliac artery"
12,"L65.3","L653","Revision of reconstruction involving femoral artery"
12,"L18.2","L182","Emergency replacement of aneurysmal segment of thoracic aorta by anastomosis of aorta to aorta not elsewhere classified"
12,"L18.3","L183","Emergency replacement of aneurysmal segment of suprarenal abdominal aorta by anastomosis of aorta to aorta"
12,"L18.4","L184","Emergency replacement of aneurysmal segment of infrarenal abdominal aorta by anastomosis of aorta to aorta"
12,"L18.5","L185","Emergency replacement of aneurysmal segment of abdominal aorta by anastomosis of aorta to aorta not elsewhere classified"
12,"L18.6","L186","Emergency replacement of aneurysmal bifurcation of aorta by anastomosis of aorta to iliac artery"
12,"L18.8","L188","Other specified"
12,"L46.2","L462","Open embolisation of visceral branch of abdominal aorta not elsewhere classified"
12,"L46.3","L463","Ligation of visceral branch of abdominal aorta not elsewhere classified"
12,"L46.4","L464","Operations on aneurysm of visceral branch of abdominal aorta not elsewhere classified"
12,"L46.8","L468","Other specified"
12,"L46.9","L469","Unspecified"
12,"L48.1","L481","Emergency replacement of aneurysmal common iliac artery by anastomosis of aorta to common iliac artery"
12,"L48.2","L482","Emergency replacement of aneurysmal iliac artery by anastomosis of aorta to external iliac artery"
12,"L48.3","L483","Emergency replacement of aneurysmal artery of leg by anastomosis of aorta to common femoral artery"
12,"L19.8","L198","Other specified"
12,"L19.9","L199","Unspecified"
12,"L20.1","L201","Emergency bypass of segment of ascending aorta by anastomosis of aorta to aorta not elsewhere classified"
12,"L70.5","L705","Operations on aneurysm of artery not elsewhere classified"
12,"L70.8","L708","Other specified"
12,"L70.9","L709","Unspecified"
12,"L75.1","L751","Excision of congenital arteriovenous malformation"
12,"L75.2","L752","Repair of acquired arteriovenous fistula"
12,"L75.3","L753","Embolisation of arteriovenous abnormality"
12,"L75.8","L758","Other specified"
12,"L75.9","L759","Unspecified"
12,"L77.1","L771","Creation of portocaval shunt"
12,"L77.2","L772","Creation of mesocaval shunt"
12,"L77.3","L773","Creation portosystemic shunt not elsewhere classified"
12,"L77.4","L774","Creation of distal splenorenal shunt"
12,"L77.5","L775","Creation of proximal splenorenal shunt"
12,"L77.8","L778","Other specified"
12,"L77.9","L779","Unspecified"
12,"L79.1","L791","Insertion of filter into vena cava"
12,"L79.2","L792","Plication of vena cava"
12,"L79.3","L793","Stenting of vena cava NEC"
12,"L79.4","L794","Attention to filter into vena cava NEC"
12,"L79.5","L795","Removal of filter in vena cava"
12,"L79.6","L796","Repair of anomalous caval vein connection"
12,"L79.7","L797","Excision of lesion of vena cava"
12,"L79.8","L798","Other specified"
12,"L79.9","L799","Unspecified"
12,"L21.3","L213","Bypass of segment of suprarenal abdominal aorta by anastomosis of aorta to aorta not elsewhere classified"
12,"L21.4","L214","Bypass of segment of infrarenal abdominal aorta by anastomosis of aorta to aorta not elsewhere classified"
12,"L21.5","L215","Bypass of segment of abdominal aorta by anastomosis of aorta to aorta not elsewhere classified"
12,"L21.6","L216","Bypass of bifurcation of aorta by anastomosis of aorta to iliac artery not elsewhere classified"
12,"L21.8","L218","Other specified"
12,"L21.9","L219","Unspecified"
12,"L22.1","L221","Revision of prosthesis of thoracic aorta"
12,"L22.2","L222","Revision of prosthesis of bifurcation of aorta"
12,"L22.3","L223","Revision of prosthesis of abdominal aorta not elsewhere classified"
12,"L22.4","L224","Removal of prosthesis from aorta"
12,"L22.8","L228","Other specified"
12,"L22.9","L229","Unspecified"
12,"L23.1","L231","Plastic repair of aorta and end to end anastomosis of aorta"
12,"L23.2","L232","Plastic repair of aorta using subclavian flap"
12,"L23.3","L233","Plastic repair of aorta using patch graft"
12,"L23.4","L234","Release of vascular ring of aorta"
12,"L23.5","L235","Revision of plastic repair of aorta"
12,"L23.6","L236","Plastic repair of aorta and insertion of tube graft"
12,"L23.7","L237","Repair of interrupted aortic arch "
12,"L23.8","L238","Other specified"
12,"L23.9","L239","Unspecified"
12,"L25.1","L251","Endarterectomy of aorta and patch repair of aorta"
12,"L25.2","L252","Endarterectomy of aorta not elsewhere classified"
12,"L25.3","L253","Open embolectomy of bifurcation of aorta"
12,"L25.4","L254","Operations on aneurysm of aorta not elsewhere classified"
12,"L25.5","L255","Operations on aortic body"
12,"L25.8","L258","Other specified"
12,"L25.9","L259","Unspecified"
12,"L28.1","L281","Endovascular stenting for infrarenal abdominal aortic aneurism"
12,"L28.2","L282","Endovascular stenting for suprarenal abdominal aortic aneurism"
12,"L28.3","L283","Endovascular stenting for thoracic aortic aneurism"
12,"L28.4","L284","Endovascular stenting for aortic dissection in any position "
12,"L28.5","L285","Endovascular stenting of aortic bifurcation NEC "
12,"L28.6","L286","Endovascular stentingt of aorto-uniiliac aneurism"
12,"L28.8","L288","Other specified  "
12,"L28.9","L289","Unspecified "
12,"L29.1","L291","Replacement of carotid artery using graft"
12,"L29.2","L292","Intracranial bypass to carotid artery"
12,"L29.3","L293","Bypass to carotid artery not elsewhere classified"
12,"L29.4","L294","Endarterectomy of carotid artery and patch repair of carotid artery"
12,"L29.5","L295","Endarterectomy of carotid artery not elsewhere classified"
12,"L29.6","L296","High flow interposition extracranial to intracranial bypass from external carotid artery to middle cerebral artery."
12,"L29.7","L297","Bypass of carotid artery by anastomosis of superficial temporal artery to middle cerebral artery."
12,"L29.8","L298","Other specified"
12,"L29.9","L299","Unspecified"
12,"L30.1","L301","Repair of carotid artery not elsewhere classified"
12,"L30.2","L302","Ligation of carotid artery"
12,"L30.3","L303","Open embolectomy of carotid artery"
12,"L30.4","L304","Operations on aneurysm of carotid artery"
12,"L30.5","L305","Operations on carotid body"
12,"L30.8","L308","Other specified"
12,"L30.9","L309","Unspecified"
12,"L37.1","L371","Bypass of subclavian artery not elsewhere classified"
12,"L37.2","L372","Endarterectomy of vertebral artery"
12,"L37.3","L373","Endarterectomy of subclavian artery and patch repair of subclavian artery"
12,"L37.4","L374","Endarterectomy of subclavian artery not elsewhere classified"
12,"L37.8","L378","Other specified"
12,"L37.9","L379","Unspecified"
12,"L38.1","L381","Repair of subclavian artery not elsewhere classified"
12,"L38.2","L382","Ligation of subclavian artery"
12,"L38.3","L383","Open embolectomy of subclavian artery"
12,"L38.4","L384","Operations on aneurysm of subclavian artery"
12,"L38.8","L388","Other specified"
12,"L38.9","L389","Unspecified"
12,"L41.1","L411","Plastic repair of renal artery and end to end anastomosis of renal artery"
12,"L41.2","L412","Bypass of renal artery"
12,"L41.3","L413","Replantation of renal artery"
12,"L41.4","L414","Endarterectomy of renal artery"
11,"G71.2","G712","Bypass of ileum by anastomosis of ileum to ileum"
11,"G71.6","G716","Duodenal switch"
11,"G71.8","G718","Other specified"
11,"G71.9","G719","Unspecified"
11,"G73.1","G731","Revision of anastomosis of ileum"
11,"G73.2","G732","Closure of anastomosis of ileum"
11,"G73.3","G733","Resection of ileostomy"
11,"G73.4","G734","Resection of ileo-colic anastomosis "
11,"G73.8","G738","Other specified"
11,"G73.9","G739","Unspecified"
11,"G74.1","G741","Creation of continent ileostomy"
11,"G74.2","G742","Creation of temporary ileosotomy"
11,"G74.3","G743","Creation of defunctioning ileosotomy"
11,"G74.8","G748","Other specified"
11,"G74.9","G749","Unspecified"
11,"G75.1","G751","Refashioning of ileostomy (Contaminated)"
11,"G75.2","G752","Repair of prolapse of ileostomy (Clean-Contaminated)"
11,"G75.3","G753","Closure of ileostomy (Contaminated)"
16,"V38.1","V381","Primary fusion of joint of thoracic spine"
16,"V38.2","V382","Primary posterior interlaminar fusion of joint of lumbar spine"
16,"V38.3","V383","Primary posterior fusion of joint of lumbar spine NEC"
16,"V38.4","V384","Primary intertransverse fusion of joint of lumbar spine NEC"
16,"V38.5","V385","Primary posterior interbody fusion of joint of lumbar spine"
16,"V38.6","V386","Primary transforaminal interbody fusion of joint of lumbar spine"
16,"V38.8","V388","Other specified"
16,"V38.9","V389","Unspecified"
16,"V39.1","V391","Revisional fusion of joint of cervical spine NEC"
16,"V39.2","V392","Revisional fusion of joint of thoracic spine"
16,"V39.3 ","V393 ","Revisional posterior interlaminar fusion of joint of lumbar spine"
12,"L49.3","L493","Replacement of aneurysmal artery of leg by anastomosis of aorta to common femoral artery not elsewhere classified"
12,"L49.4","L494","Replacement of aneurysmal artery of leg by anastomosis of aorta to superficial femoral artery not elsewhere classified"
12,"L49.5","L495","Replacement of aneurysmal iliac artery by anastomosis of iliac artery to iliac artery not elsewhere classified"
16,"V25.3","V253","Primary posterior decompression of lumbar spinal cord and intertransverse fusion of joint of lumbar spine."
16,"V25.4","V254","Primary posterior laminectomy decompression of lumbar spinal cord."
16,"V25.5","V255","Primary posterior decompression of lumbar spinal cord NEC "
16,"V25.6","V256","Primary lateral foraminotomy of lumbar spine"
16,"V25.7","V257","Revisional anterior corpectomy of lumbar spine and reconstruction HFQ"
16,"V25.8","V258","Other specified"
16,"V25.9","V259","Unspecified"
16,"V26.1 ","V261 ","Revisional extended decompression of lumbar spinal cord and intertransverse fusion of joint of lumbar spine"
16,"V26.2","V262","Revisional extended decompression of lumbar spinal cord NEC"
16,"V26.3 ","V263 ","Revisional posterior decompression of lumbar spinal cord and intertransverse fusion of joint of lumbar spine."
16,"V26.4","V264","Revisional posterior laminectomy decompression of lumbar spinal cord."
16,"V26.5","V265","Revisional posterior decompression of lumbar spinal cord NEC "
16,"V26.6","V266","Revisional lateral foraminotomy of lumbar spine"
16,"V26.8","V268","Other specified"
16,"V26.9","V269","Unspecified"
16,"V27.1","V271","Primary decompression of spinal cord and fusion of joint of spine NEC"
16,"V27.2","V272","Primary decompression of spinal cord. NEC"
16,"V27.3","V273","Revisional decompression of spinal cord NEC"
16,"V27.8","V278","Other specified"
16,"V27.9","V279","Unspecified"
16,"V29.1","V291","Primary laminectomy excision of cervical intervertebral disc"
16,"V29.2","V292","Primary hemilaminectomy excision of intervertebral disc"
16,"V29.3 ","V293 ","Primary fenestration excision of cervical intervertebral disc."
16,"V29.4","V294","Primary anterior excision of cervical intervertebral disc and interbody fusion "
16,"V29.5","V295","Primary anterior excision of cervical intervertebral disc NEC"
16,"V29.6","V296","Primary microdicectomy of cervical intervertebral disc"
16,"V29.8","V298","Other specified"
16,"V29.9","V299","Unspecified"
16,"V30.1","V301","Revisional laminectomy excision of cervical intervertebral disc"
16,"V30.2","V302","Revisional hemilaminectomy excision of intervertebral disc"
16,"V30.3 ","V303 ","Revisional fenestration excision of cervical intervertebral disc."
16,"V30.4","V304","Revisional anterior excision of cervical intervertebral disc and interbody "
16,"V30.5","V305","Revisional anterior excision of cervical intervertebral disc NEC"
16,"V30.6","V306","Revisional microdicectomy of cervical intervertebral disc"
16,"V30.8","V308","Other specified"
16,"V30.9","V309","Unspecified"
16,"V31.1","V311","Primary anteriolateral excision of thoracic intervertebral disc and graft HFQ"
16,"V31.2","V312","Primary anteriolateral excision of thoracic intervertebral disc NEQ"
16,"V31.3","V313","Primary costotransversectomy of thoracic intervertebral disc"
16,"V31.8","V318","Other specified"
16,"V31.9","V319","Unspecified"
16,"V32.1","V321","Revisional anteriolateral excision of thoracic intervertebral disc and graft HFQ"
16,"V32.2","V322","Revisional anteriolateral excision of thoracic intervertebral disc NEQ"
16,"V32.3","V323","Revisional costotransversectomy of thoracic intervertebral disc"
16,"V32.8","V328","Other specified"
16,"V32.9","V329","Unspecified"
16,"V33.1","V331","Primary laminectomy excision of lumbar intervertebral disc"
16,"V33.2","V332","Primary fenestration excision of lumbar intervertebral disc"
16,"V33.3","V333","Primary anterior excision of lumbar intervertebral disc and interbody fusion of joint of lumbar spine"
16,"V33.4","V334","Primary anterior excision of lumbar intervertebral disc NEC"
16,"V33.5","V335","Primary anterior excision of lumbar intervertebral disc and posterior graft fusion of joint of lumbar spine"
16,"V33.6","V336","Primary anterior excision of lumbar intervertebral disc and posterior instrumentation of lumbar spine"
16,"V33.7","V337","Primary microdiscectomy of lumbar intervertebral disc"
16,"V33.8","V338","Other specified"
16,"V33.9","V339","Unspecified"
16,"V34.1","V341","Revisional laminectomy excision of lumbar intervertebral disc"
16,"V34.2","V342","Revisional fenestration excision of lumbar intervertebral disc"
16,"V34.3","V343","Revisional anterior excision of lumbar intervertebral disc and interbody fusion of joint of lumbar spine"
16,"V34.4","V344","Revisional anterior excision of lumbar intervertebral disc NEC"
16,"V34.5","V345","Revisional anterior excision of lumbar intervertebral disc and posterior graft fusion of joint of lumbar spine"
16,"V34.6","V346","Revisional anterior excision of lumbar intervertebral disc and posterior instrumentation of lumbar spine"
16,"V34.7","V347","Revisional microdiscectomy of lumbar intervertebral disc"
16,"V34.8","V348","Other specified"
16,"V34.9","V349","Unspecified"
16,"V35.1","V351","Primary excision of intervertebral disc NEC"
16,"V35.2","V352","Revisional excision of intervertebral disc NEC"
16,"V35.8","V358","Other specified"
16,"V35.9","V359","Unspecified"
16,"V36.1","V361","Prosthetic replacement of cervical intervertebral disc "
16,"V36.2","V362","Prosthetic replacement of thoracic intervertebral disc"
19,"L34.3 ","L343 ","Open embolectomy of cerebral artery"
19,"L34.4 ","L344 ","Open embolisation of cerebral artery "
19,"L34.8 ","L348 ","Other specified "
19,"L34.9 ","L349 ","Unspecified "
19,"V01.1 ","V011 ","Cranioplasty using prosthesis "
19,"V01.2 ","V012 ","Cranioplasty using bone graft "
19,"V01.3 ","V013 ","Opening of suture of cranium "
19,"V01.4 ","V014 ","Removal of prosthesis from cranium "
19,"V01.5 ","V015 ","Revision of cranioplasty NEC "
19,"V01.8 ","V018 ","Other specified "
19,"V01.9 ","V019 ","Unspecified "
19,"V03.1 ","V031 ","Exploratory open craniotomy "
19,"V03.2 ","V032 ","Re opening of cranium and re-exploration of intracranial operation site and surgical arrest of postoperative bleeding "
19,"V03.3","V033","Re opening of cranium and re-exploration of intracranial operation site NEC "
19,"V03.4 ","V034 ","Re opening of cranium NEC "
19,"V03.5 ","V035 ","Trephine of cranium "
19,"V03.6 ","V036 ","Exploratory burrhole of cranium "
19,"V03.8 ","V038 ","Other specified "
19,"V03.9 ","V039 ","Unspecified "
19,"V04.1 ","V041 ","Fitting dynamic cranioplasty bands "
19,"V04.8 ","V048 ","Other specified "
19,"V04.9 ","V049 ","Unspecified "
19,"V05.1 ","V051 ","Extirpation of lesion of cranium "
19,"V05.4 ","V054 ","Repair of fracture of cranium NEC "
19,"V05.5 ","V055 ","Graft of bone to cranium "
19,"V05.6 ","V056 ","Transpetrous excision of lesion of jugular foramen "
19,"V05.7 ","V057 ","Hemicraniotomy"
19,"V05.8 ","V058 ","Other specified "
19,"V05.9 ","V059 ","Unspecified "
5,"A27.1","A271","Extracranial truncal vagotomy"
5,"A27.2","A272","Proximal gastric vagotomy"
5,"A27.3","A273","Selective extracranial vagotomy not elsewhere classified "
5,"A27.8","A278","Other specified"
5,"A27.9","A279","Unspecified"
5,"G01.1","G011","Oesophagogastrectomy and anastomosis of oesophagus to stomach"
5,"G01.2","G012","Oesophagogastrectomy and anastomosis of oesophagus to transposed jejunum"
5,"G01.3","G013","Oesophagogastrectomy and anastomosis of oesophagus to jejunum not elsewhere classified"
5,"G01.8","G018","Other specified"
5,"G01.9","G019","Unspecified"
5,"G24.1","G241","Antireflux fundoplication using thoracic approach"
5,"G24.2","G242","Antireflux operation using thoracic approach not elsewhere classified"
5,"G24.3","G243","Antireflux fundoplication using abdominal approach"
5,"G24.4","G244","Antireflux gastropexy"
5,"G24.5","G245","Gastroplasty and antireflux procedure however further qualified"
5,"G24.6","G246","Insertion of angelchick prosthesis"
5,"G24.8","G248","Other specified"
5,"G24.9","G249","Unspecified"
5,"G25.1","G251","Revision of fundoplication of stomach"
5,"G25.2","G252","Adjustment to angelchick prosthesis"
5,"G25.3","G253","Removal of angelchick prosthesis"
5,"G25.8","G258","Other specified"
5,"G25.9","G259","Unspecified"
5,"G27.1","G271","Total gastrectomy and excision of surrounding tissue"
5,"G27.2","G272","Total gastrectomy and anastomosis of oesophagus to duodenum"
5,"G27.3","G273","Total gastrectomy and interposition of jejunum"
5,"G27.4","G274","Total gastrectomy and anastomosis of oesophagus to transposed jejunum"
5,"G27.5","G275","Total gastrectomy and anastomosis of oesophagus to jejunum not elsewhere classified"
5,"G27.8","G278","Other specified total excision of stomach"
5,"G27.9","G279","Unspecified total excision of stomach"
5,"G28.1","G281","Partial gastrectomy and anastomosis of stomach to duodenum"
5,"G28.2","G282","Partial gastrectomy and anastomosis of stomach to transposed jejunum"
5,"G28.3","G283","Partial gastrectomy and anastomosis of stomach to jejunum not elsewhere classified"
5,"G28.4","G284","Sleeve gastrectomy and duodenal switch"
5,"G28.5","G285","Sleeve gastrectomy NEC"
5,"G28.8","G288","Other specified partial excision of stomach"
5,"G28.9","G289","Unspecified partial excision of stomach"
5,"G30.1","G301","Gastroplasty not elsewhere classified"
5,"G30.2","G302","Partitioning of stomach"
5,"G30.3","G303","Partitioning of stomach using band"
5,"G30.4","G304","Partitioning of stomach using staples"
5,"G30.8","G308","Other specified plastic operations on the stomach"
6,"W52.9","W529","Unspecified"
6,"W52.0","W520","Conversion from previous cemented prosthetic replacement of articulation of bone not elsewhere classified "
6,"W53.1","W531","Primary prosthetic replacement of articulation of bone not using cement not elsewhere classified"
6,"W53.2","W532","Conversions to prosthetic replacement of articulation of bone not using cement not elsewhere classified"
6,"W53.3","W533","Revision of prosthetic replacement of articulation of bone not using cement not elsewhere classified"
6,"W53.8","W538","Other specified"
6,"W53.9","W539","Unspecified"
6,"W53.0","W530","Conversion from previous uncemented prosthetic replacement of articulation of bone not elsewhere classified"
6,"W54.1","W541","Primary prosthetic replacement of articulation of bone not elsewhere classified "
6,"W54.2","W542","Conversion to prosthetic replacement of articulation of bone not elsewhere classified "
6,"W54.3","W543","Revision of prosthetic replacement of articulation of bone not elsewhere classified "
6,"W54.8","W548","Other specified"
6,"W54.9","W549","Unspecified "
6,"W54.0","W540","Conversion from previous prosthetic replacement of articulation of bone not elsewhere classified "
7,"W40.1","W401","Primary total prosthetic replacement of knee joint using cement"
7,"W40.2","W402","Conversion to total prosthetic replacement of knee joint using cement"
7,"W40.3","W403","Revision of total prosthetic replacement of knee joint using cement"
7,"W40.4","W404","Revision of one component of total prosthetic replacement of knee joint using cement"
7,"W40.8","W408","Other specified total prosthetic replacement of knee joint using cement"
7,"W40.9","W409","Unspecified total prosthetic replacement of knee joint using cement"
7,"W40.0","W400","Conversion from previous cemented total prosthetic replacement of knee joint"
7,"W41.1","W411","Primary total prosthetic replacement of knee joint not using cement"
7,"W41.2","W412","Conversion to total prosthetic replacement of knee joint not using cement"
7,"W41.3","W413","Revision of total prosthetic replacement of knee joint not using cement"
7,"W41.4","W414","Revision of one component of total prosthetic replacement of knee joint not using cement."
7,"W41.8","W418","Other specified total prosthetic replacement of knee joint not using cement"
7,"W41.9","W419","Unspecified total prosthetic replacement of knee joint not using cement "
7,"W41.0","W410","Conversion from previous uncemented total prosthetic replacement of knee joint"
7,"W42.1","W421","Primary total prosthetic replacement of knee joint not elsewhere classified"
4,"K45.3","K453","Anastomosis of mammary artery to left anterior descending coronary artery"
4,"K45.4","K454","Anastomosis of mammary artery to coronary artery not elsewhere classified "
4,"K45.5","K455","Anastomosis of thoracic artery to coronary artery not elsewhere classified"
4,"K45.6","K456","Revision of connection of thoracic artery to coronary artery"
4,"K45.8","K458","Other specified connection of thoracic artery to coronary artery"
4,"K45.9","K459","Unspecified connection of thoracic artery to coronary artery"
4,"K46.1","K461","Double implantation of mammary arteries into heart"
4,"K46.2","K462","Double implantation of thoracic arteries into heart not elsewhere classified"
4,"K46.3","K463","Implantation of mammary artery into heart not elsewhere classified"
4,"K46.4","K464","Implantation of thoracic artery into heart not elsewhere classified"
4,"K46.5","K465","Revision of implantation of thoracic artery into heart"
4,"K46.8","K468","Other specified other bypass of coronary artery"
4,"K46.9","K469","Unspecified other bypass of coronary artery"
19,"A01.1 ","A011 ","Hemispherectomy"
19,"A01.2 ","A012 ","Total lobectomy of brain"
19,"A01.3 ","A013 ","Partial lobectomy of brain"
19,"A01.8 ","A018 ","Other specified"
19,"A01.9 ","A019 ","Unspecified"
19,"A02.1 ","A021 ","Excision of lesion of tissue of frontal lobe of brain"
19,"A02.2 ","A022 ","Excision of lesion of tissue of temporal lobe of brain"
19,"A02.3 ","A023 ","Excision of lesion of tissue of parietal lobe of brain"
19,"A02.4 ","A024 ","Excision of lesion of tissue of occipital lobe of brain"
19,"A02.5 ","A025 ","Excision of lesion of tissue of cerebellum"
19,"A02.6 ","A026 ","Excision of lesion of tissue of brain stem"
19,"A02.8 ","A028 ","Other specified"
19,"A02.9 ","A029 ","Unspecified"
19,"A04.1 ","A041 ","Open biopsy of lesion of tissue of frontal lobe of brain"
19,"A04.2 ","A042 ","Open biopsy of lesion of tissue of temporal lobe of brain"
19,"A04.3 ","A043 ","Open biopsy of lesion of tissue of parietal lobe of brain"
19,"A04.4 ","A044 ","Open biopsy of lesion of tissue of occipital lobe of brain"
19,"A04.5 ","A045 ","Open biopsy of lesion of tissue of cerebellum"
19,"A04.6 ","A046 ","Open biopsy of lesion of tissue of brain stem"
19,"A04.8 ","A048 ","Other specified"
19,"A04.9 ","A049 ","Unspecified"
19,"A05.1","A051","Drainage of abscess of tissue of brain"
19,"A05.2 ","A052 ","Evacuation of haematoma from temporal lobe of brain"
19,"A05.3 ","A053 ","Evacuation of haematoma from cerebellum"
19,"A05.4 ","A054 ","Evacuation of intracerebral haematoma NEC"
19,"A05.8 ","A058 ","Other specified"
19,"A05.9 ","A059 ","Unspecified"
19,"A07.1 ","A071 ","Open division of tissue of brain"
19,"A07.2 ","A072 ","Removal of foreign body from tissue of brain"
19,"A07.3 ","A073 ","Exploration of tissue of brain"
19,"A07.4 ","A074 ","Excision of abscess of tissue of brain"
19,"A07.5 ","A075 ","Multiple subpial transections"
19,"A07.6 ","A076 ","Complete callosotomy"
19,"A07.7 ","A077 ","Partial callosotomy"
19,"A07.8 ","A078 ","Other specified"
19,"A07.9 ","A079 ","Unspecified"
19,"A09.1 ","A091 ","Implantation of neurostimulator into brain"
19,"A09.2 ","A092 ","Maintenance of neurostimulator in brain"
19,"A09.3 ","A093 ","Removal of neurostimulator from brain"
19,"A09.4 ","A094 ","Operation on neurostimulator in brain NEC"
19,"A09.5 ","A095 ","Insertion of neurostimulator electrodes into the brain"
19,"A09.8 ","A098 ","Other specified"
19,"A09.9 ","A099 ","Unspecified"
19,"A10.1 ","A101 ","Leucotomy NEC"
19,"A10.6 ","A106 ","Insertion of carmustine wafers in neoplasm of tissue of brain"
19,"A11.1 ","A111 ","Placement of depth electrodes for electroencephalography"
19,"A11.2 ","A112 ","Placement of surface electrodes for electroencephalography"
19,"A11.3 ","A113 ","Monitoring of pressure in tissue of brain"
5,"G30.9","G309","Unspecified plastic operations on the stomach"
5,"G31.1","G311","Bypass of stomach by anastomosis of oesophagus to duodenum"
5,"G31.2","G312","Bypass of stomach by anastomosis of stomach to duodenum"
5,"G31.3","G313","Revision of anastomosis of stomach to duodenum"
5,"G31.4","G314","Conversion to anastomosis of stomach to duodenum"
5,"G31.5","G315","Closure of connection of stomach to duodenum"
5,"G31.6","G316","Attention to connection of stomach to duodenum"
5,"G31.8","G318","Other specified connection of stomach to duodenum"
5,"G31.9","G319","Unspecified connection of stomach to duodenum"
5,"G31.0","G310","Conversion from previous anastomosis of stomach to duodenum"
5,"G32.1","G321","Bypass of stomach by anastomosis of stomach to transposed jejunum"
5,"G32.2","G322","Revision of anastomosis of stomach to transposed jejunum"
5,"G32.3","G323","Conversion to anastomosis of stomach to transposed jejunum"
5,"G32.4","G324","Closure of connection of stomach to transposed jejunum"
5,"G32.5","G325","Attention to connection of stomach to transposed jejunum"
5,"G32.8","G328","Other specified connection of stomach to transposed jejunum"
5,"G32.9","G329","Unspecified connection of stomach to transposed jejunum"
5,"G32.0","G320","Conversion from previous anastomosis of stomach to transposed duodenum"
5,"G33.1","G331","Bypass of stomach by anastomosis of stomach to jejunum not elsewhere classified"
5,"G33.2","G332","Revision of anastomosis of stomach to jejunum not elsewhere classified "
5,"G33.3","G333","Conversion to anastomosis of stomach to jejunum not elsewhere classified "
5,"G33.4","G334","Open reduction of intussusception of gastroenterostomy"
5,"G33.5","G335","Closure of connection of stomach to jejunum NEC"
5,"G33.6","G336","Attention to connection of stomach to jejunum "
5,"G33.8","G338","Other specified other connection of stomach to jejunum"
5,"G33.9","G339","Unspecified other connection of stomach to jejunum"
5,"G33.0","G330","Conversion from previous anastomosis of stomach to jejunum not elsewhere classified"
5,"G35.1","G351","Closure of perforated ulcer of stomach (Contaminated)"
5,"G35.2","G352","Closure of ulcer of stomach not elsewhere classified (Clean-contaminated)"
5,"G35.8","G358","Other specified operations on ulcer of stomach"
5,"G35.9","G359","Unspecified operations on ulcer of stomach"
5,"G36.1","G361","Gastropexy not elsewhere classified (Clean-contaminated)"
5,"G36.2","G362","Closure of perforation of stomach (Contaminated)"
5,"G36.3","G363","Closure of abnormal opening of stomach not elsewhere classified (Clean-contaminated)"
5,"G36.8","G368","Other specified other repair of stomach"
5,"G36.9","G369","Unspecified other repair of stomach"
5,"G38.5","G385","Incision of stomach not elsewhere classified (Clean-contaminated)"
5,"G38.7","G387","Removal of gastric band"
5,"G40.1","G401","Pyloromyotomy"
18,"K22.8 ","K228 ","Other specified"
18,"K22.9 ","K229 ","Unspecified"
18,"K23.1 ","K231 ","Excision of lesion of wall of heart NEC"
18,"K23.2 ","K232 ","Biopsy of lesion of wall of heart"
18,"K23.3 ","K233 ","Repair of wall of heart NEC"
18,"K23.5 ","K235 ","Partial left ventriculectomy"
18,"K23.6 ","K236 ","Cardiomyoplasty"
18,"K23.8 ","K238 ","Other specified"
18,"K23.9 ","K239 ","Unspecified"
18,"K24.1 ","K241 ","Relief of right ventricular outflow tract obstruction"
18,"K24.2 ","K242 ","Repair of double chambered right ventricle"
18,"K24.3 ","K243 ","Repair of right ventricular aneurysm"
18,"K24.4 ","K244 ","Repair of left ventricular aneurysm"
18,"K24.5 ","K245 ","Relief of left ventricular outflow tract obstruction"
18,"K24.6 ","K246 ","Myectomy of left ventricular outflow tract"
18,"K24.7 ","K247 ","Myotomy of left ventricular outflow tract"
18,"K24.8 ","K248 ","Other specified"
18,"K24.9 ","K249 ","Unspecified"
18,"K25.1 ","K251 ","Allograft replacement of mitral valve"
18,"K25.2 ","K252 ","Xenograft replacement of mitral valve"
18,"K25.3 ","K253 ","Prosthetic replacement of mitral valve"
18,"K25.4 ","K254 ","Replacement of mitral valve NEC"
18,"K25.5 ","K255 ","Mitral valve repair NEC"
18,"K25.8 ","K258 ","Other specified"
18,"K25.9 ","K259 ","Unspecified"
18,"K26.1 ","K261 ","Allograft replacement of aortic valve"
18,"K26.2 ","K262 ","Xenograft replacement of aortic valve"
18,"K26.3 ","K263 ","Prosthetic replacement of aortic valve"
18,"K26.4 ","K264 ","Replacement of aortic valve NEC"
18,"K26.5 ","K265 ","Aortic valve repair NEC"
18,"K26.8 ","K268 ","Other specified"
18,"K26.9 ","K269 ","Unspecified"
18,"K27.1 ","K271 ","Allograft replacement of tricuspid valve"
18,"K27.2 ","K272 ","Xenograft replacement of tricuspid valve"
18,"K27.3 ","K273 ","Prosthetic replacement of tricuspid valve"
18,"K27.4 ","K274 ","Replacement of tricuspid valve NEC"
18,"K27.5 ","K275 ","Repositioning of tricuspid valve"
18,"K27.6 ","K276 ","Tricuspid valve repair NEC"
18,"K27.8 ","K278 ","Other specified"
18,"K27.9 ","K279 ","Unspecified"
19,"A11.8 ","A118 ","Other specified"
19,"A11.9 ","A119 ","Unspecified"
19,"A38.1 ","A381 ","Extirpation of lesion of meninges of cortex of brain"
19,"A38.2 ","A382 ","Extirpation of lesion of meninges of sphenoidal ridge of cranium"
19,"A38.3 ","A383 ","Extirpation of lesion of meninges of subfrontal region of brain"
19,"A38.4 ","A384 ","Extirpation of lesion of meninges of parasagittal region of brain"
19,"A38.5 ","A385 ","Extirpation of lesion of falx cerebri"
19,"A38.6 ","A386 ","Extirpation of lesion of tentorium cerebelli"
19,"A38.8 ","A388 ","Other specified"
19,"A38.9 ","A389 ","Unspecified"
19,"A39.1","A391","Repair of meningoencephalocele"
19,"A39.2 ","A392 ","Repair of dura of anterior fossa of cranium"
19,"A39.3 ","A393 ","Repair of dura of middle fossa of cranium"
19,"A39.4 ","A394 ","Repair of dura of posterior fossa of cranium"
19,"A39.5 ","A395 ","Repair of dura of vault of cranium"
19,"A39.8 ","A398 ","Other specified"
19,"A39.9 ","A399 ","Unspecified"
19,"A40.1 ","A401 ","Evacuation of extradural haematoma"
19,"A40.8 ","A408 ","Other specified"
19,"A40.9 ","A409 ","Unspecified"
19,"A41.1 ","A411 ","Evacuation of subdural haematoma"
19,"A41.2 ","A412 ","Drainage of abscess of subdural space"
19,"A41.8 ","A418 ","Other specified"
19,"A41.9 ","A419 ","Unspecified"
19,"A42.1 ","A421 ","Creation of anastomosis of dura"
19,"A42.8 ","A428 ","Other specified"
19,"A42.9 ","A429 ","Unspecified"
19,"A43.1 ","A431 ","Extirpation of lesion of meninges of skull base"
19,"A43.2 ","A432 ","Extirpation of lesion of meninges of skull clivus"
19,"A43.8 ","A438 ","Other specified"
19,"A43.9 ","A439 ","Unspecified"
19,"B01.1 ","B011 ","Transethmoidal hypophysectomy"
19,"B01.2 ","B012 ","Trans-sphenoidal hypophysectomy"
19,"B01.3 ","B013 ","Trans-septal hypophysectomy"
19,"B01.4 ","B014 ","Transcranial hypophysectomy"
19,"B01.8 ","B018 ","Other specified"
19,"B01.9 ","B019 ","Unspecified"
19,"B02.1 ","B021 ","Cryotherapy to pituitary gland"
19,"B02.2 ","B022 ","Implantation of radioactive substance into pituitary gland"
19,"B02.3 ","B023 ","Injection of destructive substance into pituitary gland NEC"
19,"B02.8 ","B028 ","Other specified"
19,"B02.9 ","B029 ","Unspecified"
19,"B04.1 ","B041 ","Excision of lesion of pituitary gland"
19,"B04.2 ","B042 ","Biopsy of lesion of pituitary gland"
19,"B04.3 ","B043 ","Decompression of pituitary gland"
19,"B04.4 ","B044 ","Exploration of pituitary gland"
19,"B04.5 ","B045 ","Operations on pituitary stalk"
19,"B04.8 ","B048 ","Other specified"
19,"B04.9 ","B049 ","Unspecified"
19,"B06.1 ","B061 ","Excision of pineal gland"
19,"B06.8 ","B068 ","Other specified"
19,"B06.9 ","B069 ","Unspecified"
19,"L33.1 ","L331 ","Excision of aneurysm of cerebral artery "
19,"L33.2 ","L332 ","Clipping of aneurysm of cerebral artery "
19,"L33.3 ","L333 ","Ligation of aneurysm of cerebral artery NEC "
19,"L33.4 ","L334 ","Obliteration of aneurysm of cerebral artery NEC "
19,"L33.8 ","L338 ","Other specified "
19,"L33.9 ","L339 ","Unspecified "
19,"L34.1 ","L341 ","Reconstruction of cerebral artery "
19,"L34.2 ","L342 ","Anastomosis of cerebral artery "
20,"T87.6 ","T876 ","Excision or biopsy of porta hepatis lymph node"
20,"T87.7 ","T877 ","Excision or biopsy of inguinal lymph node"
20,"T87.8 ","T878 ","Other specified"
20,"T87.9 ","T879 ","Unspecified"
18,"K04.1 ","K041 ","Repair of tetralogy of Fallot using valved right ventricular outflow conduit"
18,"K04.2 ","K042 ","Repair of tetralogy of Fallot using right ventricular outflow conduit NEC"
18,"K04.3 ","K043 ","Repair of tetralogy of Fallot using transannular patch"
18,"K04.4 ","K044 ","Revision of repair of tetralogy of Fallot"
18,"K04.5 ","K045 ","Repair of tetralogy of Fallot with absent pulmonary valve"
18,"K04.6 ","K046 ","Repair of Fallot-type pulmonary atresia with aortopulmonary collaterals"
18,"K04.8 ","K048 ","Other specified"
18,"K04.9 ","K049 ","Unspecified"
18,"K05.1 ","K051 ","Reconstruction of atrium using atrial patch for transposition of great arteries"
18,"K05.2 ","K052 ","Reconstruction of atrium using atrial wall for transposition of great arteries"
18,"K05.8 ","K058 ","Other specified"
18,"K05.9 ","K059 ","Unspecified"
18,"K06.1","K061","Repositioning of transposed great arteries"
18,"K28.1 ","K281 ","Allograft replacement of pulmonary valve"
18,"K28.2 ","K282 ","Xenograft replacement of pulmonary valve"
18,"K28.3 ","K283 ","Prosthetic replacement of pulmonary valve"
18,"K28.4 ","K284 ","Replacement of pulmonary valve NEC"
18,"K28.5 ","K285 ","Pulmonary valve repair NEC"
18,"K28.8 ","K288 ","Other specified"
18,"K28.9 ","K289 ","Unspecified"
18,"K29.1 ","K291 ","Allograft replacement of valve of heart NEC"
18,"K29.2 ","K292 ","Xenograft replacement of valve of heart NEC"
18,"K29.3 ","K293 ","Prosthetic replacement of valve of heart NEC"
18,"K29.4 ","K294 ","Replacement of valve of heart NEC"
18,"K29.5 ","K295 ","Repair of valve of heart NEC"
18,"K29.6 ","K296 ","Truncal valve repair"
18,"K29.7 ","K297 ","Replacement of truncal valve"
18,"K29.8 ","K298 ","Other specified"
18,"K29.9 ","K299 ","Unspecified"
18,"K30.1 ","K301 ","Revision of plastic repair of mitral valve"
18,"K30.2 ","K302 ","Revision of plastic repair of aortic valve"
18,"K30.3 ","K303 ","Revision of plastic repair of tricuspid valve"
18,"K30.4 ","K304 ","Revision of plastic repair of pulmonary valve"
18,"K30.5 ","K305 ","Revision of plastic repair of truncal valve"
18,"K30.8 ","K308 ","Other specified"
18,"K30.9 ","K309 ","Unspecified"
18,"K31.1 ","K311 ","Open mitral valvotomy"
18,"K31.2 ","K312 ","Open aortic valvotomy"
18,"K31.3 ","K313 ","Open tricuspid valvotomy"
18,"K31.4 ","K314 ","Open pulmonary valvotomy"
18,"K31.5 ","K315 ","Open truncal valvotomy"
18,"K31.8 ","K318 ","Other specified"
18,"K31.9 ","K319 ","Unspecified"
18,"K32.1 ","K321 ","Closed mitral valvotomy"
18,"K32.2 ","K322 ","Closed aortic valvotomy"
18,"K32.3 ","K323 ","Closed tricuspid valvotomy"
18,"K32.4 ","K324 ","Closed pulmonary valvotomy"
18,"K32.8 ","K328 ","Other specified"
18,"K32.9 ","K329 ","Unspecified"
18,"K34.1 ","K341 ","Annuloplasty of mitral valve"
18,"K34.2 ","K342 ","Annuloplasty of tricuspid valve"
18,"K34.3 ","K343 ","Annuloplasty of valve of heart NEC"
18,"K34.4 ","K344 ","Excision of vegetations of valve of heart"
18,"K34.5 ","K345 ","Closure of tricuspid valve"
18,"K34.6 ","K346 ","Closure of pulmonary valve"
18,"K34.8 ","K348 ","Other specified"
18,"K34.9 ","K349 ","Unspecified"
18,"K36.1 ","K361 ","Tricuspid valvectomy"
18,"K36.2 ","K362 ","Pulmonary valvectomy"
18,"K36.8 ","K368 ","Other specified"
18,"K36.9 ","K369 ","Unspecified"
18,"K67.1 ","K671 ","Excision of lesion of pericardium"
18,"K67.8 ","K678 ","Other specified"
18,"K67.9 ","K679 ","Unspecified"
18,"K69.1 ","K691 ","Freeing of adhesions of pericardium"
18,"K69.2 ","K692 ","Fenestration of pericardium"
18,"K69.8 ","K698 ","Other specified"
18,"K69.9 ","K699 ","Unspecified"
3,"J18.3","J183","Total cholecystectomy not elsewhere classified"
3,"J18.5","J185","Partial cholecystectomy not elsewhere classified "
3,"J18.8","J188","Other specified excision of gall bladder"
3,"J18.9","J189","Unspecified excision of gall bladder"
4,"K40.1","K401","Saphenous vein graft replacement of one coronary artery"
4,"K40.2","K402","Saphenous vein graft replacement of two coronary arteries"
4,"K40.3","K403","Saphenous vein graft replacement of three coronary arteries"
4,"K40.4","K404","Saphenous vein graft replacement of four or more coronary arteries"
4,"K40.8","K408","Other specified saphenous vein graft replacement of coronary artery"
4,"K40.9","K409","Unspecified saphenous vein graft replacement of coronary artery"
4,"K41.1","K411","Autograft replacement of one coronary artery not elsewhere classified "
4,"K41.2","K412","Autograft replacement of two coronary arteries not elsewhere classified "
4,"K41.3","K413","Autograft replacement of three coronary arteries not elsewhere classified "
4,"K41.4","K414","Autograft replacement of four or more coronary arteries not elsewhere classified "
4,"K41.8","K418","Other specified autograft replacement of coronary artery"
4,"K41.9","K419","Unspecified other autograft replacement of coronary artery"
4,"K43.1","K431","Prosthetic replacement of one coronary artery"
4,"K43.2","K432","Prosthetic replacement of two coronary arteries"
4,"K43.3","K433","Prosthetic replacement of three coronary arteries"
4,"K43.4","K434","Prosthetic replacement of four or more coronary arteries"
4,"K43.8","K438","Other specified prosthetic replacement of coronary artery"
4,"K43.9","K439","Unspecified prosthetic replacement of coronary artery"
4,"K44.1","K441","Replacement of coronary arteries using multiple methods"
4,"K44.2","K442","Revision of replacement of coronary artery"
4,"K44.8","K448","Other specified other replacement of coronary artery"
4,"K44.9","K449","Unspecified other replacement of coronary artery"
4,"K45.1","K451","Double anastomosis of mammary arteries to coronary arteries"
4,"K45.2","K452","Double anastomosis of thoracic arteries to coronary arteries not elsewhere classified"
2,"J36.9","J369","Unspecified operations on ampulla of vata using duodenal approach"
2,"J55.1","J551","Total pancreatectomy and excision of surrounding tissue"
2,"J55.2","J552","Total pancreatectomy not elsewhere classified "
2,"J55.3","J553","Excision of transplanted pancreas"
2,"J55.8","J558","Other specified total excision of pancreas"
2,"J55.9","J559","Unspecified specified total excision of pancreas"
2,"J56.1","J561","Pancreaticoduodenectomy and excision of surrounding tissue"
2,"J56.2","J562","Pancreaticoduodenectomy and resection of antrum of stomach"
2,"J56.3","J563","Pancreaticoduodenectomy not elsewhere classified "
2,"J56.4","J564","Subtotal excision of head of pancreas with preservation of duodenum and drainage HFQ"
2,"J56.8","J568","Other specified excision of head of pancreas"
2,"J56.9","J569","Unspecified excision of head of pancreas"
18,"K06.2 ","K062 ","Left ventricle to aorta tunnel with right ventricle to pulmonary trunk direct anastomosis"
18,"K06.3 ","K063 ","Left ventricle to aorta tunnel with right ventricle to pulmonary artery valved conduit"
18,"K06.4 ","K064 ","Atrial inversion and repositioning of transposed great artery"
18,"K06.8 ","K068 ","Other specified"
18,"K06.9 ","K069 ","Unspecified"
18,"K07.1 ","K071 ","Correction of total anomalous pulmonary venous connection to supracardiac vessel"
18,"K07.2 ","K072 ","Correction of total anomalous pulmonary venous connection to coronary sinus"
18,"K07.3 ","K073 ","Correction of total anomalous pulmonary venous connection to infradiaphragmatic vessel"
18,"K07.8 ","K078 ","Other specified"
18,"K07.9 ","K079 ","Unspecified"
18,"K08.1 ","K081 ","Repair of double outlet right ventricle with intraventricular tunnel"
18,"K08.2 ","K082 ","Repair of Fallot-type double outlet right ventricle"
18,"K08.3 ","K083 ","Repair of double outlet right ventricle"
18,"K08.4 ","K084 ","Repair of double outlet left ventricle"
18,"K08.8 ","K088 ","Other specified"
18,"K08.9 ","K089 ","Unspecified"
18,"K09.1 ","K091 ","Repair of defect of atrioventricular septum using dual prosthetic patches"
18,"K09.2 ","K092 ","Repair of defect of atrioventricular septum using prosthetic patch NEC"
18,"K09.3 ","K093 ","Repair of defect of atrioventricular septum using tissue graft"
18,"K09.4 ","K094 ","Repair of persistent ostium primum"
18,"K09.5 ","K095 ","Primary repair of defect of atrioventricular septum NEC"
18,"K09.6 ","K096 ","Revision of repair of defect of atrioventricular septum"
18,"K09.8 ","K098 ","Other specified"
18,"K09.9 ","K099 ","Unspecified"
18,"K10.1","K101","Repair of defect of interatrial septum using prosthetic patch"
18,"K10.2 ","K102 ","Repair of defect of interatrial septum using pericardial patch"
18,"K10.3 ","K103 ","Repair of defect of interatrial septum using tissue graft NEC"
18,"K10.4 ","K104 ","Primary repair of defect of interatrial septum NEC"
18,"K10.5 ","K105 ","Revision of repair of defect of interatrial septum"
18,"K10.8 ","K108 ","Other specified"
18,"K10.9 ","K109 ","Unspecified"
18,"K11.1 ","K111 ","Repair of defect of interventricular septum using prosthetic patch"
18,"K11.2 ","K112 ","Repair of defect of interventricular septum using pericardial patch"
18,"K11.3 ","K113 ","Repair of defect of interventricular septum using tissue graft NEC"
18,"K11.4 ","K114 ","Primary repair of defect of interventricular septum NEC"
18,"K11.5 ","K115 ","Revision of repair of defect of interventricular septum"
18,"K11.6 ","K116 ","Repair of multiple interventricular septal defects"
18,"K11.7 ","K117 ","Repair of interventricular septal defect using intraoperative transluminal prosthesis"
18,"K11.8 ","K118 ","Other specified"
18,"K11.9 ","K119 ","Unspecified"
18,"K12.1 ","K121 ","Repair of defect of septum of heart using prosthetic patch NEC"
18,"K12.2 ","K122 ","Repair of defect of septum of heart using pericardial patch NEC"
18,"K12.3 ","K123 ","Repair of defect of septum of heart using tissue graft NEC"
18,"K12.4 ","K124 ","Primary repair of defect of septum of heart NEC"
18,"K12.5 ","K125 ","Revision of repair of septum of heart NEC"
18,"K12.8 ","K128 ","Other specified"
18,"K12.9 ","K129 ","Unspecified"
18,"K14.1 ","K141 ","Open enlargement of defect of atrial septum"
18,"K14.2 ","K142 ","Open atrial septostomy"
18,"K14.3 ","K143 ","Atrial septectomy"
18,"K14.4 ","K144 ","Surgical atrial septation"
18,"K14.5 ","K145 ","Open enlargement of defect of interventricular septum"
18,"K14.8 ","K148 ","Other specified"
18,"K14.9 ","K149 ","Unspecified"
18,"K17.1 ","K171 ","Total cavopulmonary connection with extracardiac inferior caval vein to pulmonary artery conduit"
18,"K17.2 ","K172 ","Total cavopulmonary connection with lateral atrial tunnel"
18,"K17.3 ","K173 ","Aortopulmonary reconstruction with systemic to pulmonary arterial shunt"
18,"K17.4 ","K174 ","Aortopulmonary reconstruction with right ventricle to pulmonary arterial valveless conduit"
18,"K17.5 ","K175 ","Biventricular repair of hypoplastic left heart syndrome"
18,"K17.6 ","K176 ","Takedown of total cavopulmonary connection"
18,"K17.7 ","K177 ","Conversion of atrial pulmonary anastomosis to total pulmonary connection"
18,"K17.8 ","K178 ","Other specified"
18,"K17.9 ","K179 ","Unspecified"
18,"K18.1 ","K181 ","Creation of valved conduit between atrium and ventricle of heart"
18,"K18.2 ","K182 ","Creation of valved conduit between right atrium and pulmonary artery"
18,"K18.3 ","K183 ","Creation of valved conduit between right ventricle of heart and pulmonary artery"
18,"K18.4 ","K184 ","Creation of valved conduit between left ventricle of heart and aorta"
18,"K18.5 ","K185 ","Revision of valved cardiac conduit"
18,"K18.6 ","K186 ","Creation of valved conduit between left ventricle of heart and pulmonary artery"
18,"K18.7 ","K187 ","Replacement of valved cardiac conduit"
18,"K18.8 ","K188 ","Other specified"
18,"K18.9 ","K189 ","Unspecified"
18,"K19.1 ","K191 ","Creation of conduit between atrium and ventricle of heart NEC"
18,"K19.2 ","K192 ","Creation of conduit between right atrium and pulmonary artery NEC"
18,"K19.3 ","K193 ","Creation of conduit between right ventricle of heart and pulmonary artery NEC"
18,"K19.4 ","K194 ","Creation of conduit between right ventricle of heart and vena cava"
18,"K19.5 ","K195 ","Creation of conduit between left ventricle of heart and aorta NEC"
18,"K19.6 ","K196 ","Revision of cardiac conduit NEC"
18,"K19.8 ","K198 ","Other specified"
18,"K19.9 ","K199 ","Unspecified"
18,"K20.1 ","K201 ","Correction of persistent sinus venosus"
18,"K20.2 ","K202 ","Correction of partial anomalous pulmonary venous drainage"
18,"K20.3","K203","Repair of cor triatriatum"
18,"K20.4 ","K204 ","Repair of coronary sinus abnormality"
18,"K20.8 ","K208 ","Other specified"
18,"K20.9 ","K209 ","Unspecified"
18,"K22.1 ","K221 ","Excision of lesion of atrium"
18,"K22.2 ","K222 ","Repair of atrium NEC"
2,"J57.1","J571","Subtotal pancreatectomy"
2,"J57.2","J572","Left pancreatectomy and drainage of pancreatic duct"
2,"J57.3","J573","Left pancreatectomy not elsewhere classified"
2,"J57.4","J574","Excision of tail of pancreas and drainage of pancreatic duct"
2,"J57.5","J575","Excision of tail of pancreas not elsewhere classified"
2,"J57.6","J576","Pancreatic necrosectomy"
2,"J57.8","J578","Other specified other partial excision of pancreas"
2,"J57.9","J579","Unspecified other partial excision of pancreas"
2,"J58.1","J581","Excision of lesion of islet of langerhans"
2,"J58.2","J582","Excision of lesion of pancreas not elsewhere classified "
2,"J58.3","J583","Destruction of lesion of pancreas"
2,"J58.8","J588","Other specified other extirpation of pancreas"
2,"J58.9","J589","Unspecified other extirpation of pancreas"
2,"J59.1","J591","Anastomosis of pancreatic duct to stomach"
2,"J59.2","J592","Anastomosis of pancreatic duct to duodenum"
2,"J59.3","J593","Anastomosis of pancreatic duct to transposed jejunum"
2,"J59.4","J594","Anastomosis of pancreatic duct to jejunum not elsewhere classified "
2,"J59.5","J595","Revision of anastomosis of pancreatic duct"
2,"J59.6","J596","Closure of anastomosis of pancreatic duct"
2,"J59.8","J598","Other specified connection of pancreatic duct"
2,"J59.9","J599","Unspecified connection of pancreatic duct"
2,"J60.1","J601","Drainage of pancreatic duct"
2,"J60.2","J602","Open removal of calculus from pancreatic duct"
2,"J60.3","J603","Insertion of T tube into pancreatic duct (Clean-contaminated)"
2,"J60.4","J604","Open insertion of tubal prosthesis into pancreatic duct"
2,"J60.5","J605","Open dilation of pancreatic duct"
2,"J60.8","J608","Other specified other operations on pancreatic duct"
2,"J60.9","J609","Unspecified other operations on pancreatic duct"
2,"J61.1","J611","Open cystogastrotomy of pancreas"
2,"J61.2","J612","Drainage of cyst of pancreas into transposed jejunum"
2,"J61.3","J613","Drainage of cyst of pancreas into jejunum not elsewhere classified"
2,"J61.4","J614","Drainage of cyst of pancreas not elsewhere classified "
2,"J61.8","J618","Other specified open drainage of lesion of pancreas"
2,"J61.9","J619","Unspecified open drainage of lesion "
20,"B27.1","B271","Total mastectomy and excision of both pectoral muscles and part of chest wall "
20,"B27.2 ","B272 ","Total mastectomy and excision of both pectoral muscles NEC "
20,"B27.3 ","B273 ","Total mastectomy and excision of pectoralis minor muscle "
20,"B27.4 ","B274 ","Total mastectomy NEC "
20,"B27.5 ","B275 ","Subcutaneous mastectomy  "
20,"B27.6 ","B276 ","Skin sparing mastectomy  "
20,"B27.8 ","B278 ","Other specified "
20,"B27.9 ","B279 ","Unspecified "
20,"B28.1 ","B281 ","Quadrantectomy of breast "
20,"B28.2 ","B282 ","Partial excision of breast NEC "
20,"B28.3 ","B283 ","Excision of lesion of breast "
20,"B28.4 ","B284 ","Re-excision of breast margins "
20,"B28.6 ","B286 ","Excision of accessory breast tissue  "
20,"B28.8 ","B288 ","Other specified "
20,"B28.9 ","B289 ","Unspecified "
20,"B29.1 ","B291 ","Reconstruction of breast using myocutaneous flap of latissimus dorsi muscle "
20,"B29.2 ","B292 ","Reconstruction of breast using local flap of skin NEC "
20,"B29.3 ","B293 ","Reconstruction of breast using flap of skin of abdomen NEC "
20,"B29.4 ","B294 ","Reconstruction of breast using distant flap of skin NEC "
20,"B29.5 ","B295 ","Revision of reconstruction of breast "
20,"B29.8 ","B298 ","Other specified "
20,"B29.9 ","B299 ","Unspecified "
20,"B30.1 ","B301 ","Insertion of prosthesis for breast "
20,"B30.2 ","B302 ","Revision of prosthesis for breast "
20,"B30.3 ","B303 ","Removal of prosthesis for breast "
20,"B30.4 ","B304 ","Renewal of prosthesis for breast "
20,"B30.8 ","B308 ","Other specified "
20,"B30.9 ","B309 ","Unspecified "
20,"B31.1 ","B311 ","Reduction mammoplasty "
20,"B31.2 ","B312 ","Augmentation mammoplasty "
20,"B31.3 ","B313 ","Mastopexy "
20,"B31.4 ","B314 ","Revision of mammoplasty "
20,"B31.8 ","B318 ","Other specified "
20,"B31.9 ","B319 ","Unspecified "
20,"B38.1","B381","Reconstruction of breast using free superior gluteal artery perforator flap "
20,"B38.2 ","B382 ","Reconstruction of breast using free inferior gluteal artery perforator flap "
20,"B38.8 ","B388 ","Other specified "
20,"B38.9 ","B389 ","Unspecified "
20,"B39.1","B391","Reconstruction of breast using free transverse rectus abdominis myocutaneous flap "
20,"B39.2 ","B392 ","Reconstruction of breast using pedicled transverse rectus abdominis myocutaneous flap "
20,"B39.3 ","B393 ","Reconstruction of breast using free deep inferior epigastric perforator flap "
20,"B39.4 ","B394 ","Reconstruction of breast using pedicle omental flap"
20,"B39.5 ","B395 ","Reconstruction of breast using free omental flap"
20,"B39.8 ","B398 ","Other specified "
20,"B39.9 ","B399 ","Unspecified "
20,"T85.8 ","T858 ","Other specified"
20,"T85.9 ","T859 ","Unspecified"
20,"T86.1 ","T861 ","Sampling of cervical lymph nodes"
20,"T86.2 ","T862 ","Sampling of axillary lymph nodes"
20,"T86.3 ","T863 ","Sampling of supraclavicular lymph nodes"
20,"T86.4 ","T864 ","Sampling of internal mammary lymph nodes"
20,"T86.5 ","T865 ","Sampling of mediastinal lymph nodes"
20,"T86.6 ","T866 ","Sampling of para-aortic lymph nodes"
20,"T86.7 ","T867 ","Sampling of inguinal lymph nodes"
20,"T86.8 ","T868 ","Other specified"
20,"T86.9 ","T869 ","Unspecified"
20,"T87.1 ","T871 ","Excision or biopsy of scalene lymph node"
20,"T87.2 ","T872 ","Excision or biopsy of cervical lymph node NEC"
20,"T87.3 ","T873 ","Excision or biopsy of axillary lymph node"
1,"Q07.1","Q071","Abdominal hysterocolpectomy and excision of periuterine tissue"
1,"Q07.2","Q072","Abdominal hysterectomy and excision of periuterine tissue not elsewhere classified"
1,"Q07.3","Q073","Abdominal hysterocolpectomy not elsewhere classified"
1,"Q07.4","Q074","Total abdominal hysterectomy not elsewhere classified"
1,"Q07.5","Q075","Subtotal abdominal hysterectomy"
1,"Q07.6","Q076","Excision of accessory uterus"
1,"Q07.8","Q078","Other specified abdominal excision of uterus"
1,"Q07.9","Q079","Unspecified abdominal excision of uterus"
2,"J02.1","J021","Right hemihepatectomy"
2,"J02.2","J022","Left hemihepatectomy"
2,"J02.3","J023","Resection of segment of liver"
2,"J02.4","J024","Wedge excision of liver"
2,"J02.5","J025","Marsupialisation of lesion of liver"
2,"J02.6","J026","Extended right hemihepatectomy"
2,"J02.7","J027","Extended left hemihepatectomy "
2,"J02.8","J028","Other specified partial excision of liver"
2,"J02.9","J029","Unspecified partial excision of liver"
2,"J03.1","J031","Excision of lesion of liver NEC"
2,"J03.2","J032","Destruction of lesion of liver NEC"
2,"J03.3","J033","Thermal ablation of single lesion of liver"
2,"J03.4","J034","Thermal ablation of multiple lesions of liver"
2,"J03.5","J035","Excision of multiple lesions of liver"
2,"J03.8","J038","Other specified extirpation of lesion of liver"
2,"J03.9","J039","Unspecified extirpation of lesion of liver"
2,"J04.1","J041","Removal of lacerated fragment of liver"
2,"J04.2","J042","Repair of laceration of liver"
2,"J04.3","J043","Packing of laceration of liver"
2,"J04.8","J048","Other specified repair of liver"
2,"J04.9","J049","Unspecified repair of liver"
2,"J05.1","J051","Open drainage of liver"
2,"J05.2","J052","Open removal of calculus from liver"
2,"J05.8","J058","Other specified incision of liver"
2,"J18.2","J182","Total cholecystectomy and exploration of common bile duct"
2,"J18.4","J184","Partial cholecystectomy and exploration of common bile duct"
2,"J19.1","J191","Anastomosis of gall bladder to stomach"
2,"J19.2","J192","Anastomosis of gall bladder to duodenum"
2,"J19.3","J193","Anastomosis of gall bladder to jejunum"
2,"J19.4","J194","Anastomosis of gall bladder to intestine not elsewhere classified"
2,"J19.5","J195","Revision of anastomosis of gall bladder"
2,"J19.6","J196","Closure of anastomosis of gall bladder"
2,"J19.8","J198","Other specified connection of gall bladder"
2,"J19.9","J199","Unspecified connection of gall bladder"
2,"J20.1","J201","Closure of fistula of gall bladder"
2,"J20.2","J202","Closure of cholecystotomy"
2,"J20.3","J203","Repair of perforation of gall bladder"
2,"J20.8","J208","Other specified repair of gall bladder"
2,"J20.9","J209","Unspecified repair of gall bladder"
2,"J21.1","J211","Open removal of calculus from gall bladder"
2,"J21.2","J212","Drainage of gall bladder"
2,"J21.3","J213","Drainage of tissue surrounding gall bladder"
2,"J21.8","J218","Other specified incision of gall bladder"
2,"J21.9","J219","Unspecified incision of gall bladder"
2,"J23.1","J231","Excision of lesion of gall bladder (Clean-contaminated)"
2,"J23.8","J238","Other specified open operations on gall bladder"
2,"J23.9","J239","Unspecified other open operations on gall bladder"
2,"J27.1","J271","Excision of ampulla of Vater and replantation of common bile duct into duodenum"
2,"J27.2","J272","Partial excision of bile duct and anastomosis of bile duct to duodenum"
2,"J27.3","J273","Partial excision of bile duct and anastomosis of bile duct to jejunum"
2,"J27.4","J274","Partial excision of bile duct and end to end anastomosis of bile duct"
2,"J27.5","J275","Excision of extrahepatic bile ducts HFQ"
2,"J27.8","J278","Other specified excision of bile duct"
2,"J27.9","J279","Unspecified excision of bile duct"
2,"J28.1","J281","Excision of lesion of bile duct (Clean-contaminated)"
2,"J28.2","J282","Destruction of lesion of bile duct"
2,"J28.8","J288","Other specified extirpation of lesion of bile duct"
2,"J28.9","J289","unspecified extirpation of lesion of bile duct"
2,"J29.1","J291","Anastomosis of hepatic duct to transposed jejunum and insertion of tubal prosthesis HFQ"
2,"J29.2","J292","Anastomosis of hepatic duct to jejunum NEC"
2,"J29.3","J293","Revision of anastomosis of hepatic duct"
2,"J29.4","J294","Open dilation of anastomosis of hepatic duct"
2,"J29.8","J298","Other specified connection of hepatic duct"
2,"J29.9","J299","Unspecified connection of hepatic duct"
2,"J30.1","J301","Anastomosis of common bile duct to duodenum"
2,"J30.2","J302","Astomosis of common bile duct to transposed jejunum"
2,"J30.3","J303","Anastomosis of common bile duct to jejunum not elsewhere classified "
2,"J30.4","J304","Revision of anastomosis of common bile duct"
2,"J30.5","J305","Open dilation of anastomosis of common bile duct"
2,"J30.8","J308","Other specified connection of common bile duct"
2,"J30.9","J309","Unspecified connection of common bile duct"
2,"J31.1","J311","Open insertion of tubal prosthesis into both hepatic ducts and common bile duct"
2,"J31.2","J312","Open insertion of tubal prosthesis into one hepatic duct and common bile duct"
2,"J31.3","J313","Open renewal of tubal prosthesis in bile duct"
2,"J31.4","J314","Open removal of tubal prosthesis in bile duct"
2,"J31.8","J318","Other specified open introduction of prosthesis into bile duct"
2,"J31.9","J319","Unspecified open introduction of prosthesis into bile duct"
2,"J32.1","J321","Reconstruction of bile duct"
2,"J32.2","J322","Reanastomosis of bile duct"
2,"J32.8","J328","Other specified repair of bile duct"
2,"J32.9","J329","Unspecified repair of bile duct"
2,"J33.1","J331","Open removal of calculus from bile duct and drainage of bile duct"
2,"J33.2","J332","Open removal of calculus from bile duct not elsewhere classified"
2,"J33.3","J333","Drainage of bile duct not elsewhere classified "
2,"J33.8","J338","Other specified incision of bile duct"
2,"J33.9","J339","Unspecified incision of bile duct"
2,"J34.1","J341","Sphincteroplasty of bile duct and pancreatic duct using duodenal approach"
2,"J34.2","J342","Sphincteroplasty of bile duct using duodenal approach not elsewhere classified "
2,"J34.3","J343","Sphincteroplasty of pancreatic duct using duodenal approach not elsewhere classified "
2,"J34.8","J348","Other specified plastic repair of sphincter of oddi using duodenal approach"
20,"T87.4 ","T874 ","Excision or biopsy of mediastinal lymph node"
20,"T87.5 ","T875 ","Excision or biopsy of para-aortic lymph node"
2,"J34.9","J349","Unspecified plastic repair of sphincter of oddi using duodenal approach"
2,"J35.1","J351","Sphincterotomy of bile duct and pancreatic duct using duodenal approach"
2,"J35.2","J352","Sphincterotomy of bile duct using duodenal approach not elsewhere classified"
2,"J35.3","J353","Sphincterotomy of pancreatic duct using duodenal approach not elsewhere classified"
2,"J35.8","J358","Other specified incision of sphincter of oddi using duodenal approach"
2,"J35.9","J359","Unspecified incision of sphincter of oddi using duodenal approach"
2,"J36.8","J368","Other specified other operations on ampulla of vata using duodenal approach"
7,"W52.0","W520","Conversion from previous cemented prosthetic replacement of articulation of bone not elsewhere classified "
7,"W53.1","W531","Primary prosthetic replacement of articulation of bone not using cement not elsewhere classified"
7,"W53.2","W532","Conversions to prosthetic replacement of articulation of bone not using cement not elsewhere classified"
7,"W53.3","W533","Revision of prosthetic replacement of articulation of bone not using cement not elsewhere classified "
7,"W53.8","W538","Other specified"
7,"W53.9","W539","Unspecified"
5,"G40.9","G409","Unspecified incision of pylorus"
5,"G41.2","G412","Repair of perforation of pylorus (Contaminated)"
6,"W37.1","W371","Primary total prosthetic replacement of hip joint using cement"
6,"W37.2","W372","Conversion to total prosthetic replacement of hip joint using cement"
6,"W37.3","W373","Revision of total prosthetic replacement of hip joint using cement"
6,"W37.4","W374","Revision of one component of total prosthetic replacement of hip joint using cement."
6,"W37.8","W378","Other specified total prosthetic replacement of hip joint using cement"
6,"W37.9","W379","Unspecified total prosthetic replacement of hip joint using cement"
6,"W37.0","W370","Conversion from previous cemented total prosthetic replacement of hip joint"
6,"W38.1","W381","Primary total prosthetic replacement of hip joint not using cement"
6,"W38.2","W382","Conversion to total prosthetic replacement of hip joint not using cement"
6,"W38.3","W383","Revision of total prosthetic replacement of hip joint not using cement"
6,"W38.4","W384","Revision of one component of total prosthetic replacement of hip joint not using cement"
6,"W38.8","W388","Other specified total prosthetic replacement of hip joint not using cement"
6,"W38.9","W389","Unspecified total prosthetic replacement of hip joint not using cement"
6,"W38.0","W380","Conversion from previous uncemented total prosthetic replacement of hip joint"
6,"W39.1","W391","Primary total prosthetic replacement of hip joint not elsewhere classified "
6,"W39.2","W392","Conversion to total prosthetic replacement of hip joint not elsewhere classified"
6,"W39.3","W393","Revision of total prosthetic replacement of hip joint not elsewhere classified"
6,"W39.5","W395","Revision of one component of total prosthetic replacement of hip joint not elsewhere classified"
6,"W39.8","W398","Other specified other total prosthetic replacement of hip joint"
6,"W39.9","W399","Unspecified other total prosthetic replacement of hip joint"
6,"W39.0","W390","Conversion from previous total prosthetic replacement of hip joint not elsewhere classified"
6,"W93.1","W931","Primary hybrid prosthetic replacement of hip joint using cemented acetabular component"
6,"W93.2","W932","Conversion to hybrid prosthetic replacement of hip joint using cemented acetabular component"
6,"W93.3","W933","Revision of hybrid prosthetic replacement of hp joint using cemented acetabular component"
6,"W93.8","W938","Other specified"
6,"W93.9","W939","Unspecified"
6,"W93.0","W930","Conversion from previous hybrid prosthetic replacement of hip joint using cemented acetabular component."
6,"W94.1","W941","Primary hybrid prosthetic replacement of hip joint using cemented femoral component"
6,"W94.2","W942","Conversion to hybrid prosthetic replacement of hip joint using cemented femoral component."
6,"W94.3","W943","Revision of hybrid prosthetic replacement of hip joint using cemented femoral component."
6,"W94.8","W948","Other specified"
6,"W94.9","W949","Unspecified"
6,"W94.0","W940","Conversion from previous hybrid prosthetic replacement of hip joint using cemented femoral component. "
6,"W95.1","W951","Primary hybrid prosthetic replacement of hip joint using cement NEC"
6,"W95.2","W952","Conversion of hybrid prosthetic replacement of hip joint using cement NEC"
6,"W95.3","W953","Revision of hybrid prosthetic replacement of hip joint using cement NEC"
6,"W95.4","W954","Attention to hybrid prosthetic replacement of hip joint using cement NEC"
6,"W95.8","W958","Other specified"
6,"W95.9","W959","Unspecified"
6,"W95.0","W950","Conversion from previous hybrid prosthetic replacement of hip joint using cement NEC"
6,"W58.1","W581","Primary resurfacing arthroplasty of joint"
6,"W58.2","W582","Revision of resurfacing arthroplasty of joint"
6,"W58.8","W588","Other Specified"
6,"W58.9","W589","Unspecified"
6,"W58.0","W580","Conversion from previous resurfacing arthroplasty of joint"
6,"W52.1","W521","Primary prosthetic replacement of articulation of bone using cement not elsewhere classified"
6,"W52.2","W522","Conversions to prosthetic replacement of articulation of bone using cement not elsewhere classified"
6,"W52.3","W523","Revision of prosthetic replacement of articulation of bone using cement not elsewhere classified"
6,"W52.8","W528","Other specified"
8,"H06.3","H063","Extended right hemicolectomy and anastomosis not elsewhere classified "
8,"H06.4","H064","Extended right hemicolectomy and ileostomy however further qualified "
8,"H06.8","H068","Other specified"
8,"H06.9","H069","Unspecified"
8,"H07.1","H071","Right hemicolectomy and end to end anastomosis of ileum to colon"
8,"H07.2","H072","Right hemicolectomy and side to side anastomosis of ileum to transverse colon"
8,"H07.3","H073","Right hemicolectomy and anastomosis not elsewhere classified"
8,"H07.4","H074","Right hemicolectomy and ileostomy however further qualified"
8,"H07.8","H078","Other specified"
8,"H07.9","H079","Unspecified"
8,"H08.1","H081","Transverse colectomy and end to end anastomosis"
8,"H08.2","H082","Transverse colectomy and anastomosis of ileum to colon"
8,"H08.3","H083","Transverse colectomy and anastomosis not elsewhere classified"
8,"H08.4","H084","Transverse colectomy and ileostomy however further qualified"
8,"H08.5","H085","Transverse colectomy and exteriorisation of bowel not elsewhere classified*"
8,"H08.8","H088","Other specified"
8,"H08.9","H089","Unspecified"
8,"H09.1","H091","Left hemicolectomy and end to end anastomosis of colon to rectum"
8,"H09.2","H092","Left hemicolectomy and end to end anastomosis of colon to colon"
8,"H09.3","H093","Left hemicolectomy and anastomosis not elsewhere classified"
8,"H09.4","H094","Left hemicolectomy and ileostomy however further qualified "
8,"H09.5","H095","Left hemicolectomy and exteriorisation of bowel not elsewhere classified*"
8,"H09.8","H098","Other specified"
8,"H09.9","H099","Unspecified"
8,"H10.1","H101","Sigmoid colectomy and end to end anastomosis of ileum to rectum"
8,"H10.2","H102","Sigmoid colectomy and anastomosis of colon to rectum"
8,"H10.3","H103","Sigmoid colectomy and anastomosis not elsewhere classified"
8,"H10.4","H104","Sigmoid colectomy and ileostomy however further qualified "
8,"H10.5","H105","Sigmoid colectomy and exteriorisation of bowel not elsewhere classified*"
8,"H10.8","H108","Other specified"
8,"H10.9","H109","Unspecified"
8,"H11.1","H111","Colectomy and end to end anastomosis of colon to colon not elsewhere classified"
8,"H11.2","H112","Colectomy and side to side anastomosis of ileum to colon not elsewhere classified "
8,"H11.3","H113","Colectomy and anastomosis not elsewhere classified"
8,"H11.4","H114","Colectomy and ileostomy not elsewhere classified"
8,"H11.5","H115","Colectomy and exteriorisation of bowel not elsewhere classified*"
8,"H11.8","H118","Other specified"
8,"H11.9","H119","Unspecified"
8,"H12.1","H121","Excision of diverticulum of colon (Dirty)"
8,"H12.2","H122","Excision of lesion of colon to not elsewhere classified"
8,"H12.3","H123","Destruction of lesion of colon not elsewhere classified"
8,"H12.8","H128","Other specified"
8,"H12.9","H129","Unspecified"
8,"H13.1","H131","Bypass of colon by anastomosis of ileum to colon"
8,"H13.2","H132","Bypass of colon by anastomosis of caecum to sigmoid colon"
8,"H13.3","H133","Bypass of colon by anastomosis of transverse colon to sigmoid colon"
8,"H13.4","H134","Bypass of colon by anastomosis of transverse colon to rectum"
8,"H13.5","H135","Bypass of colon by anastomosis of colon to rectum not elsewhere classified"
8,"H13.8","H138","Other specified"
8,"H13.9","H139","Unspecified"
8,"H14.1","H141","Tube caecostomy"
8,"H14.2","H142","Refashioning of caecostomy"
8,"H14.3","H143","Closure of caecostomy"
8,"H14.8","H148","Other specified"
7,"W53.0","W530","Conversion from previous uncemented prosthetic replacement of articulation of bone not elsewhere classified"
7,"W54.1","W541","Primary prosthetic replacement of articulation of bone not elsewhere classified "
7,"W54.2","W542","Conversion to prosthetic replacement of articulation of bone not elsewhere classified "
7,"W54.3","W543","Revision of prosthetic replacement of articulation of bone not elsewhere classified "
7,"W54.8","W548","Other specified"
7,"W54.9","W549","Unspecified "
7,"W54.0","W540","Conversion from previous prosthetic replacement of articulation of bone not elsewhere classified "
7,"W58.1","W581","Primary resurfacing arthroplasty of joint"
7,"W58.2","W582","Revision of resurfacing arthroplasty of joint"
7,"W58.8","W588","Other specified other reconstruction of joint"
7,"W58.9","W589","Unspecified other reconstruction of joint"
7,"W58.0","W580","Conversion from previous resurfacing arthroplasty of joint"
8,"G58.3","G583","Total jejunectomy and anastomosis of duodenum to colon*"
8,"G58.5","G585","Partial jejunectomy and anastomosis of duodenum to colon*"
8,"G61.3","G613","Bypass of jejunum by anastomosis of jejunum to colon (Clean-contaminated)"
8,"G69.4","G694","Ileectomy and anastomosis of ileum to colon (Clean-contaminated)"
8,"G71.3","G713","Bypass of ileum by anastomosis of ileum to caecum (Clean-contaminated)"
8,"G71.4","G714","Bypass of ileum by anastomosis of ileum to transverse colon (Clean-contaminated)"
8,"G71.5","G715","Bypass of ileum by anastomosis of ileum to colon not elsewhere classified (Clean-contaminated)"
8,"G72.1","G721","Anastomosis of ileum to caecum"
8,"G72.2","G722","Anastomosis of ileum to transverse colon"
8,"G72.3","G723","Anastomosis of ileum to colon not elsewhere classified"
8,"G72.4","G724","Anastomosis of ileum to rectum"
8,"G72.5","G725","Anastomosis of ileum to anus and creation of pouch however further qualified"
8,"G72.8","G728","Other specified"
8,"G72.9","G729","Unspecified"
8,"H04.1","H041","Panproctocolectomy and ileostomy"
8,"H04.2","H042","Panproctocolectomy and anastomosis of ileum to anus and creation of pouch however further qualified "
8,"H04.3","H043","Panproctocolectomy and anastomosis of ileum to anus not elsewhere classified "
8,"H04.8","H048","Other specified"
8,"H04.9","H049","Unspecified"
8,"H05.1","H051","Total colectomy and anastomosis of ileum to rectum"
8,"H05.2","H052","Total colectomy and ileostomy and creation of rectal fistula however further qualified "
8,"H05.3","H053","Total colectomy and ileostomy not elsewhere classified"
8,"H05.8","H058","Other specified"
8,"H05.9","H059","Unspecified"
8,"H06.1","H061","Extended right hemicolectomy and end to end anastomosis"
8,"H06.2","H062","Extended right hemicolectomy and anastomosis of ileum to colon"
9,"X11.1","X111","Amputation of great toe"
9,"X11.2","X112","Amputation of phalanx of toe"
9,"X11.8","X118","Other specified"
9,"X11.9","X119","Unspecified"
14,"W19.2","W192","Primary open reduction of fracture of long bone and fixation using rigid nail (reamed and locked) not elsewhere classified"
14,"W19.3","W193","Primary open reduction of fracture of long bone and fixation using flexible nail (unreamed and locked)"
14,"W19.5","W195","Primary open reduction of fragment of bone and fixation using screw"
16,"V36.3","V363","Prosthetic replacement of lumbar intervertebral disc"
16,"V36.8","V368","Other speci?ed "
16,"V36.9","V369","Unspeci?ed "
16,"V37.1","V371","Posterior fusion of atlantoaxial joint NEC"
16,"V37.2","V372","Posterior fusion of joint of cervical spine NEC"
16,"V37.4","V374","Fusion of atlantooccipital joint"
16,"V37.5","V375","Posterior fusion of atlantoaxial joint using transarticular screw"
16,"V37.6","V376","Posterior fusion of atlantoaxial joint using pedicle screw"
16,"V37.7","V377","Fusion of occipitocervical NEC junction"
16,"V37.8","V378","Other specified"
16,"V37.9","V379","Unspecified"
12,"L18.9","L189","Unspecified"
12,"L19.1","L191","Replacement of aneurysmal segment of ascending aorta by anastomosis of aorta to aorta not elsewhere classified"
12,"L19.2","L192","Replacement of aneurysmal segment of thoracic aorta by anastomosis of aorta to aorta not elsewhere classified"
12,"L19.3","L193","Replacement of aneurysmal segment of suprarenal abdominal aorta by anastomosis of aorta to aorta not elsewhere classified"
12,"L19.4","L194","Replacement of aneurysmal segment of infrarenal abdominal aorta by anastomosis of aorta to aorta not elsewhere classified"
12,"L19.5","L195","Replacement of aneurysmal segment of abdominal aorta by anastomosis of aorta to aorta not elsewhere classified"
12,"L19.6","L196","Replacement of aneurysmal bifurcation of aorta by anastomosis of aorta to iliac artery not elsewhere classified"
16,"V39.4","V394","Revisional posterior fusion of joint of lumbar spine NEC"
16,"V39.5","V395","Revisional intertransverse fusion of joint of lumbar spine NEC"
16,"V39.6","V396","Revisional posterior interbody fusion of joint of lumbar spine"
16,"V39.7","V397","Revisional transforaminal interbody fusion of joint of lumbar spine"
16,"V39.8","V398","Other specified"
16,"V39.9","V399","Unspecified"
16,"V40.1","V401","Non-rigid stabilisation of spine"
16,"V40.2","V402","Posterior instrumented fusion of cervical spine NEC"
16,"V40.3","V403","Posterior instrumented fusion of thoracic spine NEC "
12,"L62.1","L621","Repair of femoral artery not elsewhere classified"
12,"L62.2","L622","Open embolectomy of femoral artery"
12,"L62.3","L623","Ligation of aneurysm of popliteal artery"
12,"L62.4","L624","Operations on aneurysm of femoral artery not elsewhere classified"
12,"L62.8","L628","Other specified"
12,"L62.9","L629","Unspecified"
12,"L65.1","L651","Revision of reconstruction involving aorta"
16,"V40.4","V404","Posterior instrumented fusion of lumbar spine NEC"
16,"V40.5 ","V405 ","Removal of instrumentation from spine"
16,"V40.8","V408","Other specified"
16,"V40.9","V409","Unspecified"
16,"V41.1","V411","Posterior attachment of correctional instrument to spine"
16,"V41.2","V412","Anterior attachment of correctional instrument to spine"
16,"V41.3","V413","Removal of correctional instrument to spine"
16,"V41.4","V414","Anterior and posterior attachment of correctional instrument to spine"
16,"V41.8","V418","Other specified"
16,"V41.9","V419","Unspecified"
16,"V42.1","V421","Excision of rib hump"
16,"V42.2","V422","Epiphysiodesis of spinal apophyseal joint for correction of deformity"
16,"V42.3","V423","Anteriolateral release of spine for correction of deformity and graft HFQ"
16,"V42.4","V424","Anterior and posterior epiphysiodesis of spine for correction of deformity"
16,"V42.5","V425","Anterior epiphysiodesis of spine for correction of deformity NEC"
16,"V42.6","V426","Posterior epiphysiodesis of spine for correction of deformity NEC"
16,"V42.8","V428","Other specified"
16,"V42.9","V429","Unspecified"
16,"V43.1","V431","Excision of lesion of cervical vertebra"
16,"V43.2","V432","Excision of lesion of thoracic vertebra"
16,"V43.3","V433","Excision of lesion of Lumbar vertebra"
16,"V43.8","V438","Other specified"
16,"V43.9","V439","Unspecified"
16,"V44.1","V441","Complex decompression of fracture of spine"
16,"V44.2","V442","Anterior decompression of fracture of spine"
16,"V44.3","V443","Posterior decompression of fracture of spine"
16,"V44.4","V444","Vertibroplasty of fracture of spine"
16,"V44.8","V448","Other specified"
16,"V44.9","V449","Unspecified"
16,"V45.1","V451","Open reduction of fracture of spine and excision of facet of spine"
16,"V45.2","V452","Open reduction of fracture of spine NEC"
16,"V46.1","V461","Fixation of fracture of spine using plate"
16,"V46.2","V462","Fixation of fracture of spine using Harrington rod"
16,"V46.3","V463","Fixation of fracture of spine using wire"
16,"V46.4","V464","Fixation of fracture of spine and skull traction HFQ"
16,"V46.5 ","V465 ","Removal of fixation device from spine"
16,"V46.8","V468","Other specified"
16,"V46.9","V469","Unspecified"
16,"V49.1","V491","Exploratory cervical laminectomy"
16,"V49.2","V492","Exploratory thoracic laminectomy"
16,"V49.3","V493","Exploratory lumbar laminectomy"
16,"V49.4","V494","Exploratory laminectomy NEC"
16,"V49.5","V495","Transthoracic exploration of spine"
16,"V49.6","V496","Transperitoneal exploration of spine"
16,"V49.8","V498","Other specified"
16,"V49.9","V499","Unspecified"
16,"V54.1    ","V541    ","Transoral excision of odontoid process of axis"
16,"V54.2    ","V542    ","Graft of bone to spine NEC"
16,"V54.3    ","V543    ","Osteotomy of spine NEC"
16,"V54.8     ","V548     ","Other specified other operations on spine"
16,"V54.9     ","V549     ","Unspecified other operations on spine"
16,"V66.1","V661","      Revisional fusion of occipitocervical junction"
16,"V66.2","V662","      Revisional posterior fusion of atlantoaxial joint using transarticular screw"
16,"V66.3","V663","      Revisional posterior fusion of atlantoaxial joint using pedicle screw"
16,"V66.4","V664","      Revisional posterior fusion of atlantoaxial joint NEC"
16,"V66.8","V668","      Other speci?ed"
16,"V66.9","V669","      Unspeci?ed"
16,"V67.1 ","V671 ","Primary posterior lumbar medial facetectomy "
16,"V67.2 ","V672 ","Primary hemilaminectomy decompression of lumbar spine "
16,"V67.8 ","V678 ","Other specified  "
16,"V67.9 ","V679 ","Unspecified  "
16,"V68.1","V681","Revisional posterior lumbar medial facetectomy "
16,"V68.2 ","V682 ","Revisional hemilaminectomy decompression of lumbar spine "
16,"V68.8 ","V688 ","Other specified  "
16,"V68.9 ","V689 ","      Unspecified  "
12,"L16.1","L161","Emergency bypass of aorta by anastomosis of axillary artery to femoral artery"
12,"L16.2","L162","Bypass of aorta by anastomosis of axillary artery to femoral artery not elsewhere classified"
12,"L16.3 ","L163 ","Bypass of aorta by anastomosis of axillary artery to bilateral femoral arteries"
12,"L16.8","L168","Other specified"
12,"L16.9","L169","Unspecified"
12,"L18.1","L181","Emergency replacement of aneurysmal segment of ascending aorta by anastomosis of aorta to aorta"
12,"L65.8","L658","Other specified"
12,"L65.9","L659","Unspecified"
12,"L68.1","L681","Endarterectomy and patch repair of artery not elsewhere classified"
12,"L68.2","L682","Endarterectomy not elsewhere classified"
12,"L68.3","L683","Repair of artery using prosthesis not elsewhere classified"
12,"L68.4","L684","Repair of artery using vein graft not elsewhere classified"
12,"L68.8","L688","Other specified"
12,"L68.9","L689","Unspecified"
12,"L70.1","L701","Open embolectomy of artery not elsewhere classified"
12,"L70.2","L702","Open embolisation of artery not elsewhere classified"
12,"L70.3","L703","Ligation of artery not elsewhere classified"
12,"L70.4","L704","Open cannulation of artery not elsewhere classified"
12,"L41.6","L416","Patch angioplasty of renal artery"
12,"L41.8","L418","Other specified"
12,"L41.9","L419","Unspecified"
12,"L42.1","L421","Open embolectomy of renal artery"
12,"L42.2","L422","Open embolisation of renal artery"
12,"L42.3","L423","Ligation of renal artery"
12,"L42.4","L424","Operations on aneurysm of renal artery"
12,"L42.8","L428","Other specified"
12,"L42.9","L429","Unspecified"
12,"L45.1","L451","Bypass of visceral branch of abdominal aorta not elsewhere classified"
12,"L45.2","L452","Replantation of visceral branch of abdominal aorta not elsewhere classified"
12,"L45.3","L453","Endarterectomy of visceral branch of abdominal aorta and patch repair of visceral branch of abdominal aorta not elsewhere classified"
12,"L45.4 ","L454 ","Endarterectomy of visceral branch of abdominal aorta not elsewhere classified"
12,"L45.8","L458","Other specified"
12,"L45.9","L459","Unspecified"
12,"L46.1","L461","Open embolectomy of visceral branch of abdominal aorta not elsewhere classified"
12,"L59.8","L598","Other specified"
12,"L59.9","L599","Unspecified"
12,"L60.1","L601","Endarterectomy of femoral artery and patch repair of femoral artery"
12,"L60.2","L602","Endarterectomy of femoral artery not elsewhere classified"
12,"L60.3","L603","Profundoplasty of femoral artery and patch repair of deep femoral artery"
12,"L60.4","L604","Profundoplasty of femoral artery not elsewhere classified"
12,"L60.8","L608","Other specified"
12,"L60.9","L609","Unspecified"
